date,open,high,low,close,volume,sina_symbol,amount
2020-03-03,2.96,2.99,2.92,2.94,8914557,sz000558,26208797.58
2020-03-04,2.94,3.01,2.91,3.01,12721512,sz000558,38291751.12
2020-03-05,3.01,3.06,3.0,3.04,15356661,sz000558,46684249.44
2020-03-06,3.02,3.05,2.99,3.04,9819072,sz000558,29849978.88
2020-03-09,3.0,3.03,2.96,3.0,11173208,sz000558,33519624.0
2020-03-10,2.96,3.03,2.88,3.02,14005440,sz000558,42296428.8
2020-03-11,3.06,3.18,3.01,3.03,25847210,sz000558,78317046.3
2020-03-12,2.98,3.0,2.91,2.93,14751216,sz000558,43221062.88
2020-03-13,2.79,2.9,2.75,2.87,12896033,sz000558,37011614.71
2020-03-16,2.89,2.93,2.78,2.8,11411107,sz000558,31951099.599999998
2020-03-17,2.82,2.85,2.72,2.77,9390366,sz000558,26011313.82
2020-03-18,2.81,2.81,2.69,2.7,8917468,sz000558,24077163.6
2020-03-19,2.69,2.71,2.62,2.66,8683700,sz000558,23098642.0
2020-03-20,2.69,2.71,2.66,2.71,5662179,sz000558,15344505.09
2020-03-23,2.65,2.67,2.6,2.6,6742581,sz000558,17530710.6
2020-03-24,2.64,2.67,2.59,2.64,5488778,sz000558,14490373.92
2020-03-25,2.68,2.71,2.66,2.7,6140931,sz000558,16580513.700000001
2020-03-26,2.66,2.75,2.65,2.7,8623965,sz000558,23284705.5
2020-03-27,2.72,2.8,2.68,2.79,12091684,sz000558,33735798.36
2020-03-30,2.78,2.82,2.73,2.76,11631250,sz000558,32102249.999999996
2020-03-31,2.77,2.79,2.69,2.7,6916059,sz000558,18673359.3
2020-04-01,2.69,2.72,2.58,2.6,10173492,sz000558,26451079.2
2020-04-02,2.57,2.63,2.52,2.62,7339080,sz000558,19228389.6
2020-04-03,2.6,2.69,2.58,2.6,6529134,sz000558,16975748.400000002
2020-04-07,2.64,2.67,2.61,2.66,7326982,sz000558,19489772.12
2020-04-08,2.65,2.69,2.64,2.68,5854286,sz000558,15689486.48
2020-04-09,2.68,2.73,2.67,2.69,5154398,sz000558,13865330.62
2020-04-10,2.7,2.7,2.61,2.62,7146627,sz000558,18724162.740000002
2020-04-13,2.62,2.63,2.58,2.59,3908233,sz000558,10122323.469999999
2020-04-14,2.6,2.64,2.59,2.63,3312936,sz000558,8713021.68
2020-04-15,2.63,2.65,2.59,2.59,5462509,sz000558,14147898.309999999
2020-04-16,2.59,2.65,2.56,2.65,8026512,sz000558,21270256.8
2020-04-17,2.65,2.66,2.62,2.62,4314700,sz000558,11304514.0
2020-04-20,2.62,2.65,2.62,2.64,4889404,sz000558,12908026.56
2020-04-21,2.64,2.64,2.6,2.63,3380250,sz000558,8890057.5
2020-04-22,2.63,2.66,2.61,2.66,4933350,sz000558,13122711.0
2020-04-23,2.68,2.69,2.61,2.65,8826668,sz000558,23390670.2
2020-04-24,2.64,2.64,2.59,2.59,7626731,sz000558,19753233.29
2020-04-27,2.59,2.61,2.56,2.57,6684403,sz000558,17178915.709999997
2020-04-28,2.57,2.58,2.43,2.47,8322082,sz000558,20555542.540000003
2020-04-29,2.47,2.51,2.46,2.48,3934115,sz000558,9756605.2
2020-04-30,2.48,2.53,2.48,2.52,4944355,sz000558,12459774.6
2020-05-06,2.51,2.77,2.48,2.77,14385726,sz000558,39848461.02
2020-05-07,2.77,2.77,2.62,2.62,22685189,sz000558,59435195.18
2020-05-08,2.67,2.7,2.65,2.67,11839642,sz000558,31611844.14
2020-05-11,2.66,2.69,2.64,2.65,10528873,sz000558,27901513.45
2020-05-12,2.65,2.65,2.59,2.62,7254372,sz000558,19006454.64
2020-05-13,2.62,2.64,2.58,2.62,5136753,sz000558,13458292.860000001
2020-05-14,2.6,2.61,2.57,2.58,5016950,sz000558,12943731.0
2020-05-15,2.59,2.61,2.54,2.55,7359500,sz000558,18766725.0
2020-05-18,2.54,2.58,2.53,2.57,4367869,sz000558,11225423.33
2020-05-19,2.59,2.59,2.55,2.56,4873700,sz000558,12476672.0
2020-05-20,2.55,2.75,2.54,2.65,17716612,sz000558,46949021.8
2020-05-21,2.65,2.65,2.53,2.57,9803758,sz000558,25195658.06
2020-05-22,2.55,2.59,2.55,2.56,5274700,sz000558,13503232.0
2020-05-25,2.57,2.58,2.55,2.56,2989075,sz000558,7652032.0
2020-05-26,2.55,2.62,2.55,2.61,5054276,sz000558,13191660.36
2020-05-27,2.61,2.64,2.58,2.61,4844350,sz000558,12643753.5
2020-05-28,2.6,2.64,2.57,2.58,6736350,sz000558,17379783.0
2020-05-29,2.57,2.6,2.57,2.6,4986350,sz000558,12964510.0
2020-06-01,2.6,2.65,2.59,2.64,10420726,sz000558,27510716.64
2020-06-02,2.64,2.7,2.64,2.68,10804726,sz000558,28956665.680000003
2020-06-03,2.69,2.72,2.65,2.66,13238700,sz000558,35214942.0
2020-06-04,2.65,2.7,2.65,2.7,9036600,sz000558,24398820.0
2020-06-05,2.71,2.85,2.69,2.76,20984800,sz000558,57918047.99999999
2020-06-08,2.75,2.9,2.71,2.86,24108148,sz000558,68949303.28
2020-06-09,2.86,2.88,2.78,2.81,14850125,sz000558,41728851.25
2020-06-10,2.8,2.8,2.72,2.72,12461000,sz000558,33893920.0
2020-06-11,2.72,2.76,2.67,2.7,9172245,sz000558,24765061.5
2020-06-12,2.65,2.73,2.65,2.72,9007419,sz000558,24500179.680000003
2020-06-15,2.72,2.72,2.65,2.67,8534550,sz000558,22787248.5
2020-06-16,2.68,2.72,2.65,2.7,9012047,sz000558,24332526.900000002
2020-06-17,2.7,2.7,2.66,2.68,5889750,sz000558,15784530.000000002
2020-06-18,2.67,2.69,2.65,2.68,5452469,sz000558,14612616.920000002
2020-06-19,2.67,2.69,2.65,2.69,7080005,sz000558,19045213.45
2020-06-22,2.7,2.7,2.65,2.66,7259431,sz000558,19310086.46
2020-06-23,2.65,2.66,2.62,2.64,5585000,sz000558,14744400.0
2020-06-24,2.63,2.65,2.61,2.62,4594052,sz000558,12036416.24
2020-06-29,2.6,2.61,2.55,2.57,5495798,sz000558,14124200.86
2020-06-30,2.58,2.6,2.57,2.6,5719293,sz000558,14870161.8
2020-07-01,2.6,2.85,2.58,2.7,22921643,sz000558,61888436.1
2020-07-02,2.68,2.7,2.64,2.69,17530181,sz000558,47156186.89
2020-07-03,2.68,2.78,2.66,2.73,14962912,sz000558,40848749.76
2020-07-06,2.74,2.85,2.74,2.85,23471334,sz000558,66893301.9
2020-07-07,2.86,2.9,2.79,2.81,22143663,sz000558,62223693.03
2020-07-08,2.81,2.9,2.79,2.88,18851105,sz000558,54291182.4
2020-07-09,2.89,2.94,2.86,2.93,20922580,sz000558,61303159.400000006
2020-07-10,2.92,2.97,2.85,2.86,22079008,sz000558,63145962.879999995
2020-07-13,2.88,2.96,2.86,2.93,18536716,sz000558,54312577.88
2020-07-14,2.93,2.97,2.88,2.94,17729144,sz000558,52123683.36
2020-07-15,2.94,2.98,2.85,2.86,17354950,sz000558,49635157.0
2020-07-16,2.85,2.94,2.79,2.8,19925502,sz000558,55791405.599999994
2020-07-17,2.81,2.82,2.74,2.75,12918100,sz000558,35524775.0
2020-07-20,2.75,2.86,2.75,2.85,11859582,sz000558,33799808.7
2020-07-21,2.87,2.92,2.83,2.86,11278227,sz000558,32255729.22
2020-07-22,2.87,2.91,2.84,2.86,11575502,sz000558,33105935.72
2020-07-23,2.85,2.87,2.75,2.84,16094988,sz000558,45709765.919999994
2020-07-24,2.83,2.87,2.75,2.75,15277057,sz000558,42011906.75
2020-07-27,2.78,2.78,2.67,2.69,12477550,sz000558,33564609.5
2020-07-28,2.71,2.72,2.68,2.71,7400850,sz000558,20056303.5
2020-07-29,2.71,2.75,2.68,2.75,9275501,sz000558,25507627.75
2020-07-30,2.75,2.77,2.72,2.73,8349134,sz000558,22793135.82
2020-07-31,2.73,2.76,2.69,2.75,8876800,sz000558,24411200.0
2020-08-03,2.75,2.82,2.74,2.81,12691377,sz000558,35662769.37
2020-08-04,2.82,2.83,2.78,2.79,9940785,sz000558,27734790.15
2020-08-05,2.79,2.82,2.76,2.79,10698450,sz000558,29848675.5
2020-08-06,2.79,2.81,2.76,2.77,10556304,sz000558,29240962.080000002
2020-08-07,2.77,2.87,2.75,2.79,22162160,sz000558,61832426.4
2020-08-10,2.81,3.07,2.77,3.07,35795694,sz000558,109892780.58
2020-08-11,3.11,3.25,2.94,2.95,78092507,sz000558,230372895.65
2020-08-12,2.93,3.11,2.93,3.03,43677370,sz000558,132342431.1
2020-08-13,3.01,3.05,2.91,2.91,33286257,sz000558,96863007.87
2020-08-14,2.91,3.2,2.88,3.2,83912894,sz000558,268521260.8
2020-08-17,3.21,3.45,3.15,3.31,105900625,sz000558,350531068.75
2020-08-18,3.22,3.38,3.18,3.21,66772603,sz000558,214340055.63
2020-08-19,3.2,3.31,3.15,3.16,46657896,sz000558,147438951.36
2020-08-20,3.11,3.33,3.07,3.25,47238716,sz000558,153525827.0
2020-08-21,3.26,3.28,3.14,3.15,34794300,sz000558,109602045.0
2020-08-24,3.17,3.4,3.15,3.33,48757284,sz000558,162361755.72
2020-08-25,3.34,3.51,3.25,3.27,51341300,sz000558,167886051.0
2020-08-26,3.23,3.32,3.1,3.15,37164486,sz000558,117068130.89999999
2020-08-27,3.16,3.17,3.06,3.09,21645072,sz000558,66883272.48
2020-08-28,3.11,3.16,3.06,3.11,15175825,sz000558,47196815.75
2020-08-31,3.12,3.26,3.11,3.15,27863451,sz000558,87769870.64999999
2020-09-01,3.14,3.17,3.1,3.15,15249086,sz000558,48034620.9
2020-09-02,3.15,3.16,3.1,3.12,16297567,sz000558,50848409.04
2020-09-03,3.09,3.09,2.89,2.93,40166579,sz000558,117688076.47000001
2020-09-04,2.89,2.96,2.85,2.95,11977200,sz000558,35332740.0
2020-09-07,2.94,3.01,2.9,2.93,13111050,sz000558,38415376.5
2020-09-08,2.93,3.02,2.88,3.01,20870779,sz000558,62821044.79
2020-09-09,2.99,3.1,2.97,3.0,25085685,sz000558,75257055.0
2020-09-10,3.01,3.05,2.88,2.89,16880383,sz000558,48784306.870000005
2020-09-11,2.86,2.88,2.81,2.87,10855938,sz000558,31156542.060000002
2020-09-14,2.88,2.96,2.87,2.93,11494520,sz000558,33678943.6
2020-09-15,2.9,3.02,2.87,2.96,16632002,sz000558,49230725.92
2020-09-16,2.94,2.94,2.87,2.87,12911217,sz000558,37055192.79
2020-09-17,2.85,2.9,2.84,2.87,8300216,sz000558,23821619.92
2020-09-18,2.86,3.16,2.86,3.16,66621147,sz000558,210522824.52
2020-09-21,3.11,3.25,3.1,3.21,66592640,sz000558,213762374.4
2020-09-22,3.16,3.25,3.13,3.18,32037335,sz000558,101878725.30000001
2020-09-23,3.3,3.39,3.04,3.08,50026286,sz000558,154080960.88
2020-09-24,3.06,3.26,3.05,3.1,35276644,sz000558,109357596.4
2020-09-25,3.15,3.16,2.97,2.99,25185455,sz000558,75304510.45
2020-09-28,3.0,3.03,2.9,2.91,13997534,sz000558,40732823.940000005
2020-09-29,2.92,2.98,2.89,2.93,12568966,sz000558,36827070.38
2020-09-30,2.93,3.08,2.92,2.99,20178484,sz000558,60333667.160000004
2020-10-09,3.02,3.07,3.0,3.03,16219036,sz000558,49143679.08
2020-10-12,3.12,3.16,3.06,3.14,27986946,sz000558,87879010.44
2020-10-13,3.13,3.15,3.06,3.09,19020629,sz000558,58773743.61
2020-10-14,3.09,3.1,3.04,3.06,14083047,sz000558,43094123.82
2020-10-15,3.07,3.07,3.03,3.06,10885600,sz000558,33309936.0
2020-10-16,3.06,3.17,3.04,3.14,37622353,sz000558,118134188.42
2020-10-19,3.1,3.12,3.04,3.05,23037153,sz000558,70263316.64999999
2020-10-20,3.03,3.08,2.98,3.06,16230830,sz000558,49666339.800000004
2020-10-21,3.04,3.08,3.0,3.02,10940800,sz000558,33041216.0
2020-10-22,3.0,3.03,2.99,3.01,7666985,sz000558,23077624.849999998
2020-10-23,3.03,3.04,2.97,2.97,8952623,sz000558,26589290.310000002
2020-10-26,2.96,2.96,2.91,2.92,9872880,sz000558,28828809.599999998
2020-10-27,2.9,2.95,2.9,2.92,5783051,sz000558,16886508.919999998
2020-10-28,2.93,2.93,2.87,2.92,8005630,sz000558,23376439.599999998
2020-10-29,2.86,2.95,2.86,2.91,7577601,sz000558,22050818.91
2020-10-30,2.9,3.01,2.89,2.91,12670150,sz000558,36870136.5
2020-11-02,2.91,2.96,2.87,2.94,13353610,sz000558,39259613.4
2020-11-03,2.94,3.1,2.93,3.06,19628392,sz000558,60062879.52
2020-11-04,3.09,3.09,3.03,3.05,9158153,sz000558,27932366.65
2020-11-05,3.07,3.08,3.04,3.05,8154150,sz000558,24870157.5
2020-11-06,3.06,3.08,2.99,3.06,9384283,sz000558,28715905.98
2020-11-09,3.05,3.09,3.05,3.07,10884317,sz000558,33414853.189999998
2020-11-10,3.08,3.14,3.06,3.06,10033071,sz000558,30701197.26
2020-11-11,3.06,3.11,3.03,3.07,9418777,sz000558,28915645.389999997
2020-11-12,3.08,3.2,3.05,3.2,23855459,sz000558,76337468.8
2020-11-13,3.18,3.22,3.1,3.11,19504329,sz000558,60658463.19
2020-11-16,3.11,3.18,3.09,3.16,14798236,sz000558,46762425.760000005
2020-11-17,3.15,3.24,3.13,3.16,16391521,sz000558,51797206.36
2020-11-18,3.16,3.3,3.15,3.18,32590681,sz000558,103638365.58
2020-11-19,3.19,3.3,3.15,3.24,29548531,sz000558,95737240.44000001
2020-11-20,3.22,3.24,3.11,3.17,22218139,sz000558,70431500.63
2020-11-23,3.17,3.24,3.14,3.15,13615303,sz000558,42888204.449999996
2020-11-24,3.15,3.17,3.1,3.11,9413279,sz000558,29275297.689999998
2020-11-25,3.12,3.13,3.07,3.07,10106380,sz000558,31026586.599999998
2020-11-26,3.08,3.09,3.04,3.06,7531389,sz000558,23046050.34
2020-11-27,3.07,3.37,3.04,3.37,45665876,sz000558,153894002.12
2020-12-14,3.36,3.36,3.11,3.17,64039032,sz000558,203003731.44
2020-12-15,3.15,3.15,2.97,2.98,42741310,sz000558,127369103.8
2020-12-16,2.91,2.96,2.88,2.89,26126282,sz000558,75504954.98
2020-12-17,2.86,2.92,2.85,2.91,20609123,sz000558,59972547.93
2020-12-18,2.89,2.95,2.86,2.88,17051448,sz000558,49108170.239999995
2020-12-21,2.86,2.92,2.83,2.87,14391453,sz000558,41303470.11
2020-12-22,2.85,2.88,2.79,2.79,13412850,sz000558,37421851.5
2020-12-23,2.79,2.85,2.77,2.81,8710700,sz000558,24477067.0
2020-12-24,2.83,3.05,2.81,2.91,24077004,sz000558,70064081.64
2020-12-25,2.88,2.93,2.83,2.89,11435475,sz000558,33048522.75
2020-12-28,2.88,2.88,2.77,2.79,15117412,sz000558,42177579.480000004
2020-12-29,2.79,2.82,2.71,2.78,10300948,sz000558,28636635.439999998
2020-12-30,2.76,2.79,2.74,2.77,5934904,sz000558,16439684.08
2020-12-31,2.74,2.8,2.74,2.78,7355428,sz000558,20448089.84
2021-01-04,2.77,2.84,2.75,2.78,9581101,sz000558,26635460.779999997
2021-01-05,2.78,2.78,2.68,2.7,14497800,sz000558,39144060.0
2021-01-06,2.7,2.74,2.69,2.72,6447047,sz000558,17535967.84
2021-01-07,2.71,2.71,2.58,2.59,15592489,sz000558,40384546.51
2021-01-08,2.59,2.66,2.51,2.61,9183035,sz000558,23967721.349999998
2021-01-11,2.61,2.65,2.56,2.56,7424500,sz000558,19006720.0
2021-01-12,2.56,2.6,2.56,2.58,4726266,sz000558,12193766.280000001
2021-01-13,2.57,2.59,2.51,2.52,6805099,sz000558,17148849.48
2021-01-14,2.54,2.56,2.52,2.55,5359399,sz000558,13666467.45
2021-01-15,2.55,2.62,2.54,2.61,5708051,sz000558,14898013.11
2021-01-18,2.61,2.71,2.6,2.66,6404600,sz000558,17036236.0
2021-01-19,2.69,2.93,2.67,2.93,37291712,sz000558,109264716.16000001
2021-01-20,2.93,3.22,2.81,3.22,47954390,sz000558,154413135.8
2021-01-21,3.54,3.54,3.35,3.54,35019498,sz000558,123969022.92
2021-01-22,3.77,3.89,3.19,3.22,146926042,sz000558,473101855.24
2021-01-25,2.99,3.08,2.9,2.9,86549490,sz000558,250993521.0
2021-01-26,2.81,2.93,2.69,2.73,47265883,sz000558,129035860.59
2021-01-27,2.76,2.84,2.71,2.81,29697523,sz000558,83450039.63
2021-01-28,2.77,2.81,2.71,2.72,20136973,sz000558,54772566.56
2021-01-29,2.7,2.84,2.65,2.75,26934551,sz000558,74070015.25
2021-02-01,2.71,2.84,2.7,2.73,19276351,sz000558,52624438.23
2021-02-02,2.73,2.76,2.66,2.66,17135510,sz000558,45580456.6
2021-02-03,2.64,2.75,2.62,2.7,14266593,sz000558,38519801.1
2021-02-04,2.68,2.7,2.59,2.6,12952200,sz000558,33675720.0
2021-02-05,2.62,2.67,2.6,2.64,10905791,sz000558,28791288.240000002
2021-02-08,2.66,2.73,2.6,2.66,10592650,sz000558,28176449.0
2021-02-09,2.65,2.71,2.65,2.69,8873166,sz000558,23868816.54
2021-02-10,2.73,2.89,2.67,2.8,21789428,sz000558,61010398.4
2021-02-18,2.78,2.88,2.78,2.86,18256500,sz000558,52213590.0
2021-02-19,2.86,3.05,2.84,2.98,24885419,sz000558,74158548.62
2021-02-22,3.0,3.1,2.94,2.94,24558817,sz000558,72202921.98
2021-02-23,2.93,3.0,2.92,2.96,16535601,sz000558,48945378.96
2021-02-24,2.96,3.03,2.95,2.98,15616263,sz000558,46536463.74
2021-02-25,3.02,3.08,2.99,3.05,22932001,sz000558,69942603.05
2021-02-26,3.0,3.06,2.96,3.03,14620516,sz000558,44300163.48
2021-03-01,3.02,3.1,3.02,3.08,17180293,sz000558,52915302.44
2021-03-02,3.07,3.12,3.02,3.03,14521059,sz000558,43998808.769999996
2021-03-03,3.04,3.07,2.96,2.97,21030750,sz000558,62461327.50000001
2021-03-04,2.96,3.05,2.95,3.0,15548578,sz000558,46645734.0
2021-03-05,2.99,3.02,2.96,2.99,11970078,sz000558,35790533.220000006
2021-03-08,3.0,3.04,2.96,2.97,15208967,sz000558,45170631.99
2021-03-09,2.96,3.02,2.83,2.99,19301550,sz000558,57711634.50000001
2021-03-10,3.0,3.02,2.89,2.89,14629400,sz000558,42278966.0
2021-03-11,2.89,2.94,2.89,2.93,7002501,sz000558,20517327.93
2021-03-12,2.94,3.22,2.91,3.11,43300296,sz000558,134663920.56
2021-03-15,3.11,3.33,3.07,3.25,39206198,sz000558,127420143.5
2021-03-16,3.27,3.32,3.22,3.26,24579603,sz000558,80129505.78
2021-03-17,3.26,3.43,3.24,3.29,29602513,sz000558,97392267.77
2021-03-18,3.3,3.34,3.23,3.24,19811450,sz000558,64189098.00000001
2021-03-19,3.23,3.39,3.21,3.32,27554493,sz000558,91480916.75999999
2021-03-22,3.32,3.35,3.22,3.27,18199250,sz000558,59511547.5
2021-03-23,3.26,3.33,3.18,3.26,28914987,sz000558,94262857.61999999
2021-03-24,3.26,3.26,3.14,3.15,16794101,sz000558,52901418.15
2021-03-25,3.14,3.18,3.09,3.11,14240558,sz000558,44288135.379999995
2021-03-26,3.12,3.16,3.09,3.13,10668709,sz000558,33393059.169999998
2021-03-29,3.11,3.13,3.04,3.06,15832150,sz000558,48446379.0
2021-03-30,3.06,3.12,3.0,3.11,16054610,sz000558,49929837.1
2021-03-31,3.09,3.12,3.04,3.06,11596774,sz000558,35486128.44
2021-04-01,3.03,3.17,3.02,3.09,14273600,sz000558,44105424.0
2021-04-02,3.09,3.1,3.05,3.06,11805550,sz000558,36124983.0
2021-04-06,3.06,3.2,3.03,3.13,16595814,sz000558,51944897.82
2021-04-07,3.14,3.21,3.12,3.15,16627600,sz000558,52376940.0
2021-04-08,3.16,3.24,3.1,3.11,21708233,sz000558,67512604.63
2021-04-09,3.09,3.16,3.06,3.13,16472127,sz000558,51557757.51
2021-04-12,3.13,3.13,2.97,2.98,20702750,sz000558,61694195.0
2021-04-13,2.99,3.0,2.91,2.94,12901702,sz000558,37931003.88
2021-04-14,2.95,3.0,2.94,3.0,8115550,sz000558,24346650.0
2021-04-15,2.98,3.08,2.96,3.04,12741267,sz000558,38733451.68
2021-04-16,3.02,3.2,3.01,3.14,18391420,sz000558,57749058.800000004
2021-04-19,3.14,3.16,3.11,3.15,15059554,sz000558,47437595.1
2021-04-20,3.16,3.3,3.12,3.13,24083970,sz000558,75382826.1
2021-04-21,3.1,3.18,3.1,3.17,16053820,sz000558,50890609.4
2021-04-22,3.16,3.24,3.13,3.14,14326718,sz000558,44985894.52
2021-04-23,3.12,3.13,3.03,3.05,11907870,sz000558,36319003.5
2021-04-26,3.04,3.08,3.03,3.05,8710819,sz000558,26567997.95
2021-04-27,3.05,3.13,3.01,3.03,12387213,sz000558,37533255.39
2021-04-28,3.01,3.04,2.97,3.0,10486350,sz000558,31459050.0
2021-04-29,2.99,3.03,2.97,2.99,7185350,sz000558,21484196.5
2021-04-30,2.99,3.01,2.92,2.94,12270350,sz000558,36074829.0
2021-05-06,2.92,2.93,2.76,2.83,17979035,sz000558,50880669.050000004
2021-05-07,2.81,2.87,2.79,2.85,8010499,sz000558,22829922.150000002
2021-05-10,2.85,2.87,2.81,2.82,7816458,sz000558,22042411.56
2021-05-11,2.8,2.86,2.78,2.86,7144802,sz000558,20434133.72
2021-05-12,2.85,2.9,2.83,2.87,6592825,sz000558,18921407.75
2021-05-13,2.85,2.92,2.85,2.9,6681575,sz000558,19376567.5
2021-05-14,2.92,2.93,2.88,2.91,8847900,sz000558,25747389.0
2021-05-17,2.89,2.97,2.87,2.9,10163900,sz000558,29475310.0
2021-05-18,2.87,2.96,2.81,2.92,17586525,sz000558,51352653.0
2021-05-19,2.9,2.96,2.88,2.88,11156912,sz000558,32131906.56
2021-05-20,2.89,3.17,2.88,3.09,49042772,sz000558,151542165.48
2021-05-21,3.04,3.1,3.0,3.07,24559412,sz000558,75397394.83999999
2021-05-24,3.05,3.11,3.04,3.06,14140320,sz000558,43269379.2
2021-05-25,3.05,3.08,3.03,3.06,12284252,sz000558,37589811.12
2021-05-26,3.05,3.17,3.05,3.07,14806052,sz000558,45454579.64
2021-05-27,3.08,3.2,3.07,3.11,21531535,sz000558,66963073.849999994
2021-05-28,3.11,3.35,3.11,3.23,45346932,sz000558,146470590.35999998
2021-05-31,3.2,3.23,3.14,3.2,30325450,sz000558,97041440.0
2021-06-01,3.24,3.25,3.11,3.12,22256505,sz000558,69440295.60000001
2021-06-02,3.11,3.17,3.07,3.09,15173390,sz000558,46885775.1
2021-06-03,3.1,3.21,3.09,3.11,17657452,sz000558,54914675.72
2021-06-04,3.09,3.17,3.08,3.09,15698317,sz000558,48507799.53
2021-06-07,3.12,3.12,3.04,3.05,14241593,sz000558,43436858.65
2021-06-08,3.08,3.18,3.07,3.14,19825127,sz000558,62250898.78
2021-06-09,3.14,3.26,3.12,3.18,26866709,sz000558,85436134.62
2021-06-10,3.18,3.25,3.11,3.2,29255691,sz000558,93618211.2
2021-06-11,3.2,3.27,3.14,3.19,28425600,sz000558,90677664.0
2021-06-15,3.0,3.03,2.87,2.87,39958795,sz000558,114681741.65
2021-06-16,2.77,2.83,2.76,2.77,31166388,sz000558,86330894.76
2021-06-17,2.77,2.9,2.73,2.79,19273850,sz000558,53774041.5
2021-06-18,2.77,2.82,2.74,2.79,13719750,sz000558,38278102.5
2021-06-21,2.77,2.81,2.75,2.77,12662400,sz000558,35074848.0
2021-06-22,2.77,2.81,2.76,2.78,10375403,sz000558,28843620.339999996
2021-06-23,2.78,2.9,2.76,2.88,21121421,sz000558,60829692.48
2021-06-24,2.83,2.87,2.82,2.83,12881314,sz000558,36454118.62
2021-06-25,2.82,2.84,2.77,2.79,10494773,sz000558,29280416.67
2021-06-28,2.8,2.81,2.79,2.79,5392250,sz000558,15044377.5
2021-06-29,2.79,2.8,2.77,2.79,7028300,sz000558,19608957.0
2021-06-30,2.79,2.79,2.66,2.7,17992038,sz000558,48578502.6
2021-07-01,2.7,2.72,2.66,2.67,11737925,sz000558,31340259.75
2021-07-02,2.68,2.68,2.63,2.66,6940850,sz000558,18462661.0
2021-07-05,2.65,2.69,2.65,2.69,4584200,sz000558,12331498.0
2021-07-06,2.7,2.74,2.69,2.72,6589450,sz000558,17923304.0
2021-07-07,2.71,2.72,2.65,2.7,10188500,sz000558,27508950.0
2021-07-08,2.7,2.71,2.66,2.67,7254050,sz000558,19368313.5
2021-07-09,2.68,2.73,2.67,2.72,9220600,sz000558,25080032.0
2021-07-12,2.73,2.75,2.69,2.71,9132700,sz000558,24749617.0
2021-07-13,2.71,2.74,2.68,2.74,10626550,sz000558,29116747.000000004
2021-07-14,2.73,2.75,2.69,2.7,10183781,sz000558,27496208.700000003
2021-07-15,2.7,2.71,2.65,2.69,8493483,sz000558,22847469.27
2021-07-16,2.68,2.71,2.66,2.67,7941481,sz000558,21203754.27
2021-07-19,2.68,2.69,2.67,2.68,4977405,sz000558,13339445.4
2021-07-20,2.67,2.76,2.66,2.76,13633370,sz000558,37628101.199999996
2021-07-21,2.75,2.77,2.71,2.72,9556606,sz000558,25993968.32
2021-07-22,2.73,2.75,2.71,2.72,8037150,sz000558,21861048.0
2021-07-23,2.72,2.89,2.65,2.77,29256700,sz000558,81041059.0
2021-07-26,2.75,2.76,2.66,2.68,13463251,sz000558,36081512.68
2021-07-27,2.68,2.7,2.61,2.61,12249600,sz000558,31971456.0
2021-07-28,2.62,2.62,2.48,2.54,12012450,sz000558,30511623.0
2021-07-29,2.53,2.57,2.52,2.54,7060900,sz000558,17934686.0
2021-07-30,2.55,2.57,2.5,2.56,8281400,sz000558,21200384.0
2021-08-02,2.55,2.55,2.49,2.55,9834415,sz000558,25077758.25
2021-08-03,2.54,2.61,2.54,2.58,10419940,sz000558,26883445.2
2021-08-04,2.84,2.84,2.84,2.84,13513226,sz000558,38377561.839999996
2021-08-05,3.12,3.12,3.01,3.12,104280179,sz000558,325354158.48
2021-08-06,3.12,3.23,2.96,3.15,123939333,sz000558,390408898.95
2021-08-09,3.1,3.36,3.01,3.11,90402780,sz000558,281152645.8
2021-08-10,3.16,3.17,2.91,2.94,89665519,sz000558,263616625.85999998
2021-08-11,2.91,2.94,2.86,2.87,44984563,sz000558,129105695.81
2021-08-12,2.88,2.9,2.86,2.88,27434319,sz000558,79010838.72
2021-08-13,2.87,2.89,2.79,2.81,28163200,sz000558,79138592.0
2021-08-16,2.8,2.89,2.8,2.85,28885950,sz000558,82324957.5
2021-08-17,2.83,2.84,2.73,2.76,27885102,sz000558,76962881.52
2021-08-18,2.74,2.76,2.7,2.75,16315650,sz000558,44868037.5
2021-08-19,2.73,2.84,2.73,2.77,21084253,sz000558,58403380.81
2021-08-20,2.75,2.8,2.72,2.77,14929642,sz000558,41355108.34
2021-08-23,2.77,2.82,2.77,2.78,15090853,sz000558,41952571.339999996
2021-08-24,2.78,2.8,2.74,2.74,13598050,sz000558,37258657.0
2021-08-25,2.74,2.84,2.72,2.81,19015901,sz000558,53434681.81
2021-08-26,2.79,2.84,2.78,2.8,13060153,sz000558,36568428.4
2021-08-27,2.79,2.79,2.71,2.73,17291750,sz000558,47206477.5
2021-08-30,2.72,2.74,2.68,2.68,16672100,sz000558,44681228.0
2021-08-31,2.67,2.73,2.65,2.72,13621170,sz000558,37049582.400000006
2021-09-01,2.72,2.99,2.71,2.99,56492384,sz000558,168912228.16000003
2021-09-02,2.95,3.04,2.9,2.94,65755480,sz000558,193321111.2
2021-09-03,2.94,3.23,2.88,3.1,107374184,sz000558,332859970.40000004
2021-09-06,3.03,3.16,3.01,3.06,70521940,sz000558,215797136.4
2021-09-07,3.01,3.11,3.01,3.04,41963192,sz000558,127568103.68
2021-09-08,3.04,3.2,3.03,3.14,48157275,sz000558,151213843.5
2021-09-09,3.15,3.19,3.1,3.14,31705951,sz000558,99556686.14
2021-09-10,3.13,3.17,3.06,3.06,33282603,sz000558,101844765.18
2021-09-13,3.1,3.2,3.06,3.18,36031718,sz000558,114580863.24000001
2021-09-14,3.18,3.19,3.06,3.07,28577050,sz000558,87731543.5
2021-09-15,3.09,3.36,3.08,3.15,40864912,sz000558,128724472.8
2021-09-16,3.13,3.28,3.07,3.07,48054366,sz000558,147526903.62
2021-09-17,3.06,3.11,3.01,3.03,21345700,sz000558,64677470.99999999
2021-09-22,3.01,3.23,3.0,3.19,36940083,sz000558,117838864.77
2021-09-23,3.26,3.33,3.16,3.29,40363818,sz000558,132796961.22
2021-09-24,3.29,3.32,3.18,3.19,24927300,sz000558,79518087.0
2021-09-27,3.19,3.22,3.07,3.11,21447436,sz000558,66701525.96
2021-09-28,3.11,3.14,3.07,3.09,15416401,sz000558,47636679.089999996
2021-09-29,3.07,3.08,2.98,2.99,17847103,sz000558,53362837.970000006
2021-09-30,3.0,3.12,3.0,3.1,16428750,sz000558,50929125.0
2021-10-08,3.13,3.41,3.11,3.33,61602800,sz000558,205137324.0
2021-10-11,3.3,3.48,3.3,3.38,41864637,sz000558,141502473.06
2021-10-12,3.4,3.47,3.35,3.43,45926515,sz000558,157527946.45000002
2021-10-13,3.44,3.66,3.39,3.5,45217716,sz000558,158262006.0
2021-10-14,3.48,3.85,3.48,3.85,70409387,sz000558,271076139.95
2021-10-15,3.81,3.88,3.63,3.67,88792839,sz000558,325869719.13
2021-10-18,3.69,4.04,3.62,4.04,81789431,sz000558,330429301.24
2021-10-19,3.93,4.03,3.89,3.95,73522500,sz000558,290413875.0
2021-10-20,3.91,3.95,3.72,3.78,52749301,sz000558,199392357.78
2021-10-21,3.74,3.83,3.71,3.73,31700731,sz000558,118243726.63
2021-10-22,3.74,3.93,3.58,3.6,57565884,sz000558,207237182.4
2021-10-25,3.55,3.68,3.47,3.59,45197596,sz000558,162259369.64
2021-10-26,3.58,3.84,3.53,3.56,45559500,sz000558,162191820.0
2021-10-27,3.58,3.63,3.41,3.41,39519850,sz000558,134762688.5
2021-10-28,3.39,3.49,3.3,3.32,27508534,sz000558,91328332.88
2021-10-29,3.38,3.65,3.37,3.65,49091473,sz000558,179183876.45
2021-11-01,3.69,3.73,3.55,3.62,46163679,sz000558,167112517.98000002
2021-11-02,3.64,3.64,3.51,3.62,35576166,sz000558,128785720.92
2021-11-03,3.6,3.62,3.48,3.56,26506055,sz000558,94361555.8
2021-11-04,3.59,3.62,3.5,3.6,20606300,sz000558,74182680.0
2021-11-05,3.57,3.58,3.42,3.45,32532451,sz000558,112236955.95
2021-11-08,3.58,3.75,3.47,3.51,46708048,sz000558,163945248.48
2021-11-09,3.53,3.64,3.48,3.58,32147430,sz000558,115087799.4
2021-11-10,3.57,3.62,3.53,3.56,21524590,sz000558,76627540.4
2021-11-11,3.54,3.81,3.52,3.68,39168488,sz000558,144140035.84
2021-11-12,3.67,3.7,3.52,3.6,39428350,sz000558,141942060.0
2021-11-15,3.61,3.79,3.56,3.69,41563829,sz000558,153370529.01
2021-11-16,3.69,3.88,3.65,3.75,45648876,sz000558,171183285.0
2021-11-17,3.77,3.9,3.7,3.84,42672025,sz000558,163860576.0
2021-11-18,3.82,3.84,3.66,3.66,36309550,sz000558,132892953.0
2021-11-19,3.65,3.78,3.64,3.67,26708200,sz000558,98019094.0
2021-11-22,3.65,3.66,3.52,3.56,29109820,sz000558,103630959.2
2021-11-23,3.57,3.58,3.46,3.56,26266114,sz000558,93507365.84
2021-11-24,3.47,3.53,3.43,3.44,32345556,sz000558,111268712.64
2021-11-25,3.45,3.52,3.38,3.4,30206053,sz000558,102700580.2
2021-11-26,3.42,3.44,3.36,3.41,17535200,sz000558,59795032.0
2021-11-29,3.35,3.37,3.29,3.3,22474856,sz000558,74167024.8
2021-11-30,3.3,3.43,3.3,3.36,20655305,sz000558,69401824.8
2021-12-01,3.36,3.42,3.34,3.41,13756053,sz000558,46908140.730000004
2021-12-02,3.38,3.42,3.32,3.32,16741050,sz000558,55580286.0
2021-12-03,3.31,3.37,3.3,3.35,14616354,sz000558,48964785.9
2021-12-06,3.36,3.37,3.32,3.34,11593350,sz000558,38721789.0
2021-12-07,3.37,3.37,3.3,3.32,14128653,sz000558,46907127.96
2021-12-08,3.33,3.34,3.3,3.33,10944550,sz000558,36445351.5
2021-12-09,3.3,3.33,3.23,3.33,22523112,sz000558,75001962.96000001
2021-12-10,3.32,3.41,3.3,3.37,17759939,sz000558,59850994.43
2021-12-13,3.37,3.41,3.34,3.36,12373805,sz000558,41575984.8
2021-12-14,3.37,3.39,3.32,3.37,12864738,sz000558,43354167.06
2021-12-15,3.37,3.58,3.35,3.45,33655168,sz000558,116110329.60000001
2021-12-16,3.46,3.53,3.4,3.48,24407472,sz000558,84938002.56
2021-12-17,3.5,3.55,3.4,3.4,22918500,sz000558,77922900.0
2021-12-20,3.37,3.44,3.35,3.36,16850822,sz000558,56618761.919999994
2021-12-21,3.33,3.49,3.33,3.49,30144664,sz000558,105204877.36
2021-12-22,3.55,3.59,3.48,3.5,30839761,sz000558,107939163.5
2021-12-23,3.48,3.52,3.37,3.37,25816504,sz000558,87001618.48
2021-12-24,3.37,3.42,3.26,3.26,26293952,sz000558,85718283.52
2021-12-27,3.24,3.3,3.23,3.27,13891400,sz000558,45424878.0
2021-12-28,3.25,3.6,3.24,3.6,84328409,sz000558,303582272.40000004
2021-12-29,3.5,3.75,3.49,3.62,75654247,sz000558,273868374.14
2021-12-30,3.6,3.9,3.55,3.79,75092096,sz000558,284599043.84
2021-12-31,3.79,3.93,3.73,3.85,71243133,sz000558,274286062.05
2022-01-04,3.85,4.24,3.79,4.24,90121710,sz000558,382116050.40000004
2022-01-05,4.6,4.66,4.46,4.66,58488335,sz000558,272555641.1
2022-01-06,4.99,5.13,4.83,5.13,90208010,sz000558,462767091.3
2022-01-07,5.64,5.64,4.68,4.76,310231987,sz000558,1476704258.12
2022-01-10,4.28,4.59,4.28,4.28,198751424,sz000558,850656094.72
2022-01-11,4.3,4.64,4.1,4.47,183079447,sz000558,818365128.0899999
2022-01-12,4.3,4.61,4.2,4.42,154558958,sz000558,683150594.36
2022-01-13,4.32,4.86,4.25,4.59,170188741,sz000558,781166321.1899999
2022-01-14,4.43,4.5,4.27,4.34,123245215,sz000558,534884233.09999996
2022-01-17,4.25,4.37,4.15,4.27,89279859,sz000558,381224997.92999995
2022-01-18,4.28,4.28,3.96,3.98,104767978,sz000558,416976552.44
2022-01-19,3.94,4.08,3.91,4.01,57692125,sz000558,231345421.25
2022-01-20,4.01,4.23,3.89,4.04,84203987,sz000558,340184107.48
2022-01-21,4.0,4.0,3.74,3.76,73185800,sz000558,275178608.0
2022-01-24,3.75,4.1,3.75,3.93,82506291,sz000558,324249723.63
2022-01-25,3.87,3.88,3.62,3.63,60247091,sz000558,218696940.32999998
2022-01-26,3.62,3.82,3.6,3.67,44433311,sz000558,163070251.37
2022-01-27,3.62,3.67,3.52,3.52,42155000,sz000558,148385600.0
2022-01-28,3.52,3.66,3.46,3.61,38885625,sz000558,140377106.25
2022-02-07,3.88,3.88,3.48,3.52,62108704,sz000558,218622638.08
2022-02-08,3.5,3.62,3.47,3.57,42821100,sz000558,152871327.0
2022-02-09,3.56,3.63,3.52,3.61,50331693,sz000558,181697411.73
2022-02-10,3.55,3.56,3.45,3.5,53340651,sz000558,186692278.5
2022-02-11,3.5,3.54,3.32,3.34,50016773,sz000558,167056021.82
2022-02-14,3.31,3.36,3.28,3.3,34819650,sz000558,114904845.0
2022-02-15,3.3,3.37,3.27,3.29,40147504,sz000558,132085288.16
2022-02-16,3.29,3.44,3.28,3.41,49257552,sz000558,167968252.32
2022-02-17,3.42,3.43,3.33,3.34,42895453,sz000558,143270813.01999998
2022-02-18,3.3,3.38,3.29,3.36,30358050,sz000558,102003048.0
2022-02-21,3.4,3.45,3.34,3.44,38614810,sz000558,132834946.39999999
2022-02-22,3.42,3.7,3.32,3.55,91307900,sz000558,324143045.0
2022-02-23,3.45,3.46,3.39,3.43,58267130,sz000558,199856255.9
2022-02-24,3.4,3.43,3.21,3.24,55194751,sz000558,178830993.24
2022-02-25,3.26,3.29,3.21,3.24,28855200,sz000558,93490848.0
2022-02-28,3.24,3.24,3.11,3.23,30660250,sz000558,99032607.5
2022-03-01,3.21,3.28,3.2,3.26,24889250,sz000558,81138955.0
2022-03-02,3.26,3.29,3.24,3.28,21683055,sz000558,71120420.39999999
2022-03-03,3.28,3.33,3.27,3.3,27759800,sz000558,91607340.0
2022-03-04,3.31,3.43,3.27,3.39,54719176,sz000558,185498006.64000002
2022-03-07,3.38,3.39,3.3,3.33,32588409,sz000558,108519401.97
2022-03-08,3.3,3.33,3.15,3.15,32988050,sz000558,103912357.5
2022-03-09,3.18,3.21,2.96,3.09,32464459,sz000558,100315178.31
2022-03-10,3.12,3.18,3.12,3.13,18342450,sz000558,57411868.5
2022-03-11,3.13,3.17,3.05,3.16,22063447,sz000558,69720492.52
2022-03-14,3.15,3.18,3.08,3.09,18905350,sz000558,58417531.5
2022-03-15,3.06,3.08,2.89,2.89,27260000,sz000558,78781400.0
2022-03-16,2.93,3.04,2.85,3.02,32033576,sz000558,96741399.52
2022-03-17,3.09,3.14,3.04,3.05,26906300,sz000558,82064215.0
2022-03-18,3.06,3.19,3.04,3.17,33217246,sz000558,105298669.82
2022-03-21,3.23,3.49,3.22,3.34,78574171,sz000558,262437731.14
2022-03-22,3.35,3.49,3.33,3.44,69308848,sz000558,238422437.12
2022-03-23,3.42,3.78,3.42,3.78,127052400,sz000558,480258072.0
2022-03-24,3.7,3.7,3.42,3.47,162032055,sz000558,562251230.85
2022-03-25,3.42,3.47,3.3,3.36,95561249,sz000558,321085796.64
2022-03-28,3.34,3.44,3.27,3.4,64241384,sz000558,218420705.6
2022-03-29,3.39,3.4,3.27,3.32,48321569,sz000558,160427609.07999998
2022-03-30,3.34,3.54,3.28,3.44,77596600,sz000558,266932304.0
2022-03-31,3.44,3.52,3.37,3.41,68869855,sz000558,234846205.55
2022-04-01,3.38,3.45,3.31,3.41,46428548,sz000558,158321348.68
2022-04-06,3.43,3.53,3.41,3.5,58740222,sz000558,205590777.0
2022-04-07,3.51,3.85,3.46,3.63,150744948,sz000558,547204161.24
2022-04-08,3.53,3.96,3.34,3.72,140736905,sz000558,523541286.6
2022-04-11,3.63,3.65,3.36,3.39,89006250,sz000558,301731187.5
2022-04-12,3.34,3.41,3.25,3.38,56746900,sz000558,191804522.0
2022-04-13,3.33,3.34,3.17,3.17,51091450,sz000558,161959896.5
2022-04-14,3.2,3.45,3.18,3.37,78803370,sz000558,265567356.9
2022-04-15,3.4,3.44,3.21,3.23,55705850,sz000558,179929895.5
2022-04-18,3.23,3.23,3.1,3.15,33995550,sz000558,107085982.5
2022-04-19,3.15,3.19,3.1,3.17,23793250,sz000558,75424602.5
2022-04-20,3.17,3.2,3.06,3.08,34174820,sz000558,105258445.60000001
2022-04-21,3.08,3.08,2.93,2.94,34999651,sz000558,102898973.94
2022-04-22,2.93,2.97,2.85,2.93,24348200,sz000558,71340226.0
2022-04-25,2.88,2.9,2.68,2.69,34220600,sz000558,92053414.0
2022-04-26,2.73,2.75,2.6,2.61,20796397,sz000558,54278596.169999994
2022-04-27,2.52,2.68,2.5,2.68,27410588,sz000558,73460375.84
2022-04-28,2.66,2.68,2.54,2.56,22202150,sz000558,56837504.0
2022-04-29,2.62,2.82,2.62,2.82,33407970,sz000558,94210475.39999999
2022-05-05,2.79,2.86,2.69,2.81,33557354,sz000558,94296164.74
2022-05-06,2.76,2.81,2.72,2.74,21067754,sz000558,57725645.96
2022-05-09,2.67,2.8,2.67,2.76,21032400,sz000558,58049423.99999999
2022-05-10,2.72,2.76,2.68,2.74,18908503,sz000558,51809298.220000006
2022-05-11,2.73,2.8,2.7,2.7,28305700,sz000558,76425390.0
2022-05-12,2.68,2.73,2.61,2.67,23988350,sz000558,64048894.5
2022-05-13,2.7,2.79,2.65,2.75,28067031,sz000558,77184335.25
2022-05-16,2.75,2.81,2.71,2.78,27220900,sz000558,75674102.0
2022-05-17,2.86,2.95,2.7,2.73,26034400,sz000558,71073912.0
2022-05-18,2.72,2.94,2.7,2.82,39576205,sz000558,111604898.1
2022-05-19,2.76,3.1,2.73,3.04,99335495,sz000558,301979904.8
2022-05-20,2.94,2.97,2.88,2.91,69383601,sz000558,201906278.91
2022-05-23,2.91,2.93,2.87,2.89,29058800,sz000558,83979932.0
2022-05-24,2.9,2.91,2.77,2.77,32017101,sz000558,88687369.77
2022-05-25,2.77,2.83,2.77,2.82,15616450,sz000558,44038389.0
2022-05-26,2.83,2.91,2.82,2.88,24866058,sz000558,71614247.03999999
2022-05-27,2.88,2.91,2.84,2.86,15333000,sz000558,43852380.0
2022-05-30,2.84,2.94,2.83,2.9,24234025,sz000558,70278672.5
2022-05-31,2.88,2.91,2.84,2.88,20923250,sz000558,60258960.0
2022-06-01,2.89,3.1,2.88,2.94,38849653,sz000558,114217979.82
2022-06-02,2.93,3.0,2.9,2.92,25727553,sz000558,75124454.76
2022-06-06,2.9,2.9,2.85,2.88,23495500,sz000558,67667040.0
2022-06-07,2.89,2.92,2.83,2.87,17030400,sz000558,48877248.0
2022-06-08,2.87,2.89,2.81,2.85,17528750,sz000558,49956937.5
2022-06-09,2.85,2.87,2.8,2.8,13213750,sz000558,36998500.0
2022-06-10,2.8,2.83,2.77,2.82,9243376,sz000558,26066320.32
2022-06-13,2.79,2.81,2.76,2.78,12747904,sz000558,35439173.12
2022-06-14,2.74,2.79,2.69,2.78,19000354,sz000558,52820984.12
2022-06-15,2.79,2.82,2.77,2.79,15333229,sz000558,42779708.910000004
2022-06-16,2.81,2.92,2.78,2.89,31923204,sz000558,92258059.56
2022-06-17,2.88,2.88,2.81,2.83,16154654,sz000558,45717670.82
2022-06-20,2.85,2.85,2.78,2.8,14019390,sz000558,39254292.0
2022-06-21,2.82,2.85,2.78,2.81,15197805,sz000558,42705832.050000004
2022-06-22,2.82,2.82,2.76,2.76,11613550,sz000558,32053397.999999996
2022-06-23,2.76,2.81,2.75,2.79,11840750,sz000558,33035692.5
2022-06-24,2.79,2.95,2.78,2.84,30154096,sz000558,85637632.64
2022-06-27,2.83,2.86,2.8,2.82,22285600,sz000558,62845392.0
2022-06-28,2.82,2.9,2.81,2.88,26249554,sz000558,75598715.52
2022-06-29,2.89,2.92,2.86,2.87,20609715,sz000558,59149882.050000004
2022-06-30,2.9,2.94,2.86,2.91,23484737,sz000558,68340584.67
2022-07-01,2.91,2.92,2.87,2.88,14287650,sz000558,41148432.0
2022-07-04,2.87,2.9,2.85,2.88,14512500,sz000558,41796000.0
2022-07-05,2.9,2.91,2.82,2.84,15232710,sz000558,43260896.4
2022-07-06,2.84,2.85,2.79,2.79,12060147,sz000558,33647810.13
2022-07-07,2.79,2.95,2.79,2.84,20169510,sz000558,57281408.4
2022-07-08,2.85,2.88,2.81,2.85,18270625,sz000558,52071281.25
2022-07-11,2.84,2.85,2.79,2.8,11539050,sz000558,32309339.999999996
2022-07-12,2.8,2.82,2.77,2.8,10790525,sz000558,30213469.999999996
2022-07-13,2.79,2.84,2.78,2.84,12789835,sz000558,36323131.4
2022-07-14,2.84,2.85,2.78,2.78,14173850,sz000558,39403303.0
2022-07-15,2.77,2.78,2.67,2.68,20313750,sz000558,54440850.0
2022-07-18,2.67,2.77,2.66,2.77,13863268,sz000558,38401252.36
2022-07-19,2.76,2.84,2.75,2.82,17646463,sz000558,49763025.66
2022-07-20,2.9,2.98,2.85,2.92,43839888,sz000558,128012472.96
2022-07-21,2.91,2.93,2.86,2.86,23131450,sz000558,66155947.0
2022-07-22,2.85,2.9,2.81,2.84,13003175,sz000558,36929017.0
2022-07-25,2.86,2.9,2.84,2.84,11216450,sz000558,31854718.0
2022-07-26,2.86,2.92,2.84,2.91,18003250,sz000558,52389457.5
2022-07-27,2.92,2.92,2.87,2.89,12908764,sz000558,37306327.96
2022-07-28,2.91,2.93,2.86,2.88,11818353,sz000558,34036856.64
2022-07-29,2.88,2.88,2.84,2.85,10323950,sz000558,29423257.5
2022-08-01,2.87,2.87,2.81,2.82,13230650,sz000558,37310433.0
2022-08-02,2.81,2.81,2.69,2.7,21976814,sz000558,59337397.800000004
2022-08-03,2.71,2.75,2.67,2.68,13825850,sz000558,37053278.0
2022-08-04,2.7,2.73,2.68,2.73,11050200,sz000558,30167046.0
2022-08-05,2.73,2.76,2.71,2.75,8555100,sz000558,23526525.0
2022-08-08,2.76,2.8,2.74,2.76,8752700,sz000558,24157451.999999996
2022-08-09,2.76,2.78,2.75,2.76,7036750,sz000558,19421430.0
2022-08-10,2.77,2.77,2.72,2.73,6903600,sz000558,18846828.0
2022-08-11,2.74,2.78,2.74,2.77,8895650,sz000558,24640950.5
2022-08-12,2.76,2.84,2.75,2.8,13237700,sz000558,37065560.0
2022-08-15,2.79,2.82,2.78,2.81,9969101,sz000558,28013173.810000002
2022-08-16,2.81,2.88,2.79,2.86,16888001,sz000558,48299682.86
2022-08-17,2.95,2.96,2.87,2.94,38741600,sz000558,113900304.0
2022-08-18,2.91,3.03,2.9,2.93,40981636,sz000558,120076193.48
2022-08-19,2.95,3.01,2.95,2.96,30203750,sz000558,89403100.0
2022-08-22,2.98,3.02,2.94,3.0,25240216,sz000558,75720648.0
2022-08-23,3.02,3.03,2.96,2.97,17226050,sz000558,51161368.5
2022-08-24,2.97,2.99,2.89,2.91,18619192,sz000558,54181848.720000006
2022-08-25,2.91,2.93,2.85,2.89,14615550,sz000558,42238939.5
2022-08-26,2.9,2.92,2.88,2.89,9923950,sz000558,28680215.5
2022-08-29,2.86,2.93,2.81,2.91,12903552,sz000558,37549336.32
2022-08-30,2.92,3.01,2.91,2.99,20570905,sz000558,61507005.95
2022-08-31,2.99,3.01,2.93,2.93,14607431,sz000558,42799772.830000006
2022-09-01,2.92,3.02,2.92,2.97,17905600,sz000558,53179632.0
2022-09-02,2.95,2.99,2.93,2.97,12142600,sz000558,36063522.0
2022-09-05,2.97,3.01,2.96,3.0,11977450,sz000558,35932350.0
2022-09-06,3.0,3.05,3.0,3.02,14258200,sz000558,43059764.0
2022-09-07,3.03,3.03,2.94,2.97,13708250,sz000558,40713502.5
2022-09-08,2.98,2.99,2.93,2.95,10941200,sz000558,32276540.000000004
2022-09-09,2.95,2.98,2.94,2.94,10142150,sz000558,29817921.0
2022-09-13,2.96,3.03,2.94,2.98,19373300,sz000558,57732434.0
2022-09-14,2.96,3.19,2.94,3.07,61466905,sz000558,188703398.35
2022-09-15,3.1,3.16,3.03,3.08,55414150,sz000558,170675582.0
2022-09-16,3.08,3.11,2.95,2.95,36723600,sz000558,108334620.0
2022-09-19,2.96,2.97,2.86,2.91,29036208,sz000558,84495365.28
2022-09-20,2.94,3.04,2.92,2.93,24123306,sz000558,70681286.58
2022-09-21,2.89,3.16,2.87,3.08,45292410,sz000558,139500622.8
2022-09-22,3.05,3.08,2.96,3.01,34582700,sz000558,104093927.0
2022-09-23,3.02,3.09,2.93,2.94,31576102,sz000558,92833739.88
2022-09-26,2.92,3.02,2.87,2.91,27903328,sz000558,81198684.48
2022-09-27,2.92,3.13,2.82,3.05,55698600,sz000558,169880730.0
2022-09-28,3.07,3.09,2.97,3.01,43908602,sz000558,132164892.02
2022-09-29,3.02,3.06,2.98,3.02,33377900,sz000558,100801258.0
2022-09-30,3.04,3.06,2.92,2.95,32174683,sz000558,94915314.85000001
2022-10-10,2.95,3.15,2.95,2.98,42607200,sz000558,126969456.0
2022-10-11,2.95,3.28,2.88,3.18,124384001,sz000558,395541123.18
2022-10-12,3.15,3.23,3.11,3.21,94479643,sz000558,303279654.03
2022-10-13,3.18,3.26,3.12,3.16,70807100,sz000558,223750436.0
2022-10-14,3.18,3.26,3.14,3.2,67255718,sz000558,215218297.60000002
2022-10-17,3.15,3.32,3.15,3.29,80905421,sz000558,266178835.09
2022-10-18,3.25,3.28,3.15,3.17,66032816,sz000558,209324026.72
2022-10-19,3.13,3.19,3.09,3.11,46717550,sz000558,145291580.5
2022-10-20,3.1,3.42,3.08,3.23,85867160,sz000558,277350926.8
2022-10-21,3.29,3.37,3.18,3.23,79561844,sz000558,256984756.12
2022-10-24,3.24,3.29,3.14,3.21,59444300,sz000558,190816203.0
2022-10-25,3.2,3.2,2.98,3.07,59439912,sz000558,182480529.84
2022-10-26,3.09,3.13,3.03,3.09,37680955,sz000558,116434150.94999999
2022-10-27,3.06,3.13,3.05,3.08,33000400,sz000558,101641232.0
2022-10-28,3.08,3.1,2.91,2.92,39183950,sz000558,114417134.0
2022-10-31,2.88,2.98,2.88,2.94,24117104,sz000558,70904285.76
2022-11-01,2.93,3.01,2.92,3.01,24229200,sz000558,72929892.0
2022-11-02,3.0,3.07,2.99,3.01,38202200,sz000558,114988621.99999999
2022-11-03,2.97,3.09,2.95,3.05,35178300,sz000558,107293815.0
2022-11-04,3.03,3.1,3.02,3.08,35216450,sz000558,108466666.0
2022-11-07,3.1,3.35,3.08,3.31,113529409,sz000558,375782343.79
2022-11-08,3.33,3.37,3.2,3.28,100217099,sz000558,328712084.71999997
2022-11-09,3.25,3.38,3.25,3.34,73344037,sz000558,244969083.57999998
2022-11-10,3.28,3.58,3.27,3.49,113210131,sz000558,395103357.19
2022-11-11,3.52,3.53,3.38,3.39,89204150,sz000558,302402068.5
2022-11-14,3.46,3.48,3.28,3.32,71140100,sz000558,236185132.0
2022-11-15,3.32,3.36,3.27,3.35,50511200,sz000558,169212520.0
2022-11-16,3.34,3.43,3.28,3.33,64324404,sz000558,214200265.32
2022-11-17,3.31,3.37,3.24,3.3,54548400,sz000558,180009720.0
2022-11-18,3.31,3.35,3.27,3.28,53014700,sz000558,173888216.0
2022-11-21,3.3,3.33,3.12,3.14,56986621,sz000558,178937989.94
2022-11-22,3.14,3.18,3.03,3.05,41193150,sz000558,125639107.5
2022-11-23,3.05,3.06,2.97,2.99,31033119,sz000558,92789025.81
2022-11-24,3.0,3.04,2.96,2.99,36549050,sz000558,109281659.50000001
2022-11-25,3.01,3.04,2.98,3.03,37313740,sz000558,113060632.19999999
2022-11-28,3.0,3.01,2.93,2.97,30195193,sz000558,89679723.21000001
2022-11-29,3.06,3.13,3.02,3.12,66500632,sz000558,207481971.84
2022-11-30,3.12,3.15,3.04,3.06,44182182,sz000558,135197476.92000002
2022-12-01,3.06,3.09,3.03,3.03,37333600,sz000558,113120808.0
2022-12-02,3.02,3.04,3.0,3.02,30837891,sz000558,93130430.82000001
2022-12-05,3.03,3.08,3.02,3.05,25216203,sz000558,76909419.14999999
2022-12-06,3.06,3.07,2.99,3.01,26592700,sz000558,80044027.0
2022-12-07,3.02,3.09,2.96,3.05,40652350,sz000558,123989667.5
2022-12-08,3.05,3.09,3.02,3.06,24106200,sz000558,73764972.0
2022-12-09,3.06,3.11,3.01,3.03,28115713,sz000558,85190610.39
2022-12-12,3.02,3.05,2.97,2.98,26661100,sz000558,79450078.0
2022-12-13,2.96,3.0,2.94,2.99,17663467,sz000558,52813766.330000006
2022-12-14,2.98,2.99,2.94,2.96,21346150,sz000558,63184604.0
2022-12-15,2.96,3.0,2.94,2.97,24582850,sz000558,73011064.5
2022-12-16,2.95,3.01,2.94,2.96,25008900,sz000558,74026344.0
2022-12-19,2.96,2.98,2.83,2.86,31300817,sz000558,89520336.61999999
2022-12-20,2.84,2.88,2.77,2.86,18088352,sz000558,51732686.72
2022-12-21,2.85,2.87,2.81,2.83,14487450,sz000558,40999483.5
2022-12-22,2.85,2.9,2.84,2.85,20136452,sz000558,57388888.2
2022-12-23,2.83,2.89,2.81,2.83,15995650,sz000558,45267689.5
2022-12-26,2.84,2.88,2.81,2.87,15576197,sz000558,44703685.39
2022-12-27,2.89,2.9,2.81,2.87,26551000,sz000558,76201370.0
2022-12-28,2.88,2.92,2.82,2.85,24528950,sz000558,69907507.5
2022-12-29,2.83,2.85,2.76,2.77,24186200,sz000558,66995774.0
2022-12-30,2.77,2.9,2.76,2.88,35450350,sz000558,102097008.0
2023-01-03,2.89,2.91,2.87,2.88,17357500,sz000558,49989600.0
2023-01-04,2.86,2.91,2.85,2.89,20679550,sz000558,59763899.5
2023-01-05,2.89,2.9,2.86,2.86,15390714,sz000558,44017442.04
2023-01-06,2.88,2.9,2.79,2.8,21021066,sz000558,58858984.8
2023-01-09,2.81,2.83,2.79,2.8,10596374,sz000558,29669847.2
2023-01-10,2.8,2.8,2.76,2.77,16291800,sz000558,45128286.0
2023-01-11,2.76,2.78,2.72,2.72,16040800,sz000558,43630976.0
2023-01-12,2.71,2.73,2.68,2.69,17647700,sz000558,47472313.0
2023-01-13,2.7,2.72,2.69,2.71,10132650,sz000558,27459481.5
2023-01-16,2.72,2.75,2.7,2.75,12429183,sz000558,34180253.25
2023-01-17,2.75,2.75,2.7,2.71,9934350,sz000558,26922088.5
2023-01-18,2.71,2.72,2.69,2.71,9606006,sz000558,26032276.259999998
2023-01-19,2.75,2.78,2.71,2.73,23633300,sz000558,64518909.0
2023-01-20,2.72,2.77,2.72,2.76,18438967,sz000558,50891548.919999994
2023-01-30,2.79,2.82,2.77,2.82,25776900,sz000558,72690858.0
2023-01-31,2.82,2.84,2.79,2.83,14296768,sz000558,40459853.44
2023-02-01,2.84,2.85,2.8,2.85,19200181,sz000558,54720515.85
2023-02-02,2.85,2.85,2.82,2.84,15991450,sz000558,45415718.0
2023-02-03,2.84,2.85,2.8,2.81,12850700,sz000558,36110467.0
2023-02-06,2.81,2.82,2.79,2.82,9340684,sz000558,26340728.88
2023-02-07,2.82,2.85,2.81,2.85,12958550,sz000558,36931867.5
2023-02-08,2.84,2.85,2.81,2.81,12199200,sz000558,34279752.0
2023-02-09,2.81,2.84,2.8,2.83,9096350,sz000558,25742670.5
2023-02-10,2.84,2.89,2.83,2.85,20834850,sz000558,59379322.5
2023-02-13,2.85,2.87,2.83,2.87,14664800,sz000558,42087976.0
2023-02-14,2.9,2.9,2.84,2.85,16171000,sz000558,46087350.0
2023-02-15,2.86,2.86,2.83,2.83,12929950,sz000558,36591758.5
2023-02-16,2.84,2.89,2.79,2.81,29813550,sz000558,83776075.5
2023-02-17,2.81,2.84,2.78,2.78,19008250,sz000558,52842935.0
2023-02-20,2.8,2.82,2.77,2.81,15343810,sz000558,43116106.1
2023-02-21,2.83,2.87,2.82,2.84,19208334,sz000558,54551668.559999995
2023-02-22,2.83,2.83,2.8,2.82,8561700,sz000558,24143994.0
2023-02-23,2.83,2.84,2.81,2.82,11523400,sz000558,32495988.0
2023-02-24,2.83,2.83,2.79,2.8,9519103,sz000558,26653488.4
2023-02-27,2.8,2.83,2.78,2.8,12814500,sz000558,35880600.0
2023-02-28,2.81,2.82,2.78,2.82,11182500,sz000558,31534650.0
2023-03-01,2.82,2.85,2.81,2.85,16473050,sz000558,46948192.5
2023-03-02,2.86,2.87,2.83,2.85,14222707,sz000558,40534714.95
2023-03-03,2.85,2.89,2.83,2.87,19883801,sz000558,57066508.870000005
2023-03-06,2.87,2.88,2.83,2.85,19384798,sz000558,55246674.300000004
2023-03-07,2.85,2.86,2.8,2.8,13097950,sz000558,36674260.0
2023-03-08,2.8,2.82,2.79,2.82,10753105,sz000558,30323756.099999998
2023-03-09,2.83,2.84,2.81,2.82,6957550,sz000558,19620291.0
2023-03-10,2.8,2.82,2.78,2.79,13010000,sz000558,36297900.0
2023-03-13,2.79,2.8,2.75,2.77,13903400,sz000558,38512418.0
2023-03-14,2.76,2.77,2.71,2.73,11614600,sz000558,31707858.0
2023-03-15,2.75,2.77,2.73,2.77,7001579,sz000558,19394373.830000002
2023-03-16,2.76,2.77,2.73,2.74,7415200,sz000558,20317648.0
2023-03-17,2.74,2.77,2.74,2.75,8862701,sz000558,24372427.75
2023-03-20,2.75,2.76,2.73,2.73,11442700,sz000558,31238571.0
2023-03-21,2.74,2.8,2.73,2.79,17187001,sz000558,47951732.79
2023-03-22,2.8,2.82,2.78,2.81,13437401,sz000558,37759096.81
2023-03-23,2.81,2.82,2.78,2.79,10942730,sz000558,30530216.7
2023-03-24,2.79,2.86,2.77,2.85,25050250,sz000558,71393212.5
2023-03-27,2.85,2.9,2.8,2.88,27314700,sz000558,78666336.0
2023-03-28,2.9,2.9,2.84,2.84,11731150,sz000558,33316466.0
2023-03-29,2.84,2.84,2.81,2.81,12039100,sz000558,33829871.0
2023-03-30,2.82,2.82,2.78,2.78,13689247,sz000558,38056106.66
2023-03-31,2.79,2.88,2.77,2.87,16630070,sz000558,47728300.9
2023-04-03,2.85,2.91,2.84,2.86,20255550,sz000558,57930873.0
2023-04-04,2.87,2.87,2.81,2.81,13601950,sz000558,38221479.5
2023-04-06,2.83,2.84,2.8,2.81,9588050,sz000558,26942420.5
2023-04-07,2.81,2.87,2.81,2.85,11478451,sz000558,32713585.35
2023-04-10,2.85,2.87,2.84,2.85,12531451,sz000558,35714635.35
2023-04-11,2.88,2.9,2.86,2.89,24728600,sz000558,71465654.0
2023-04-12,2.89,2.91,2.86,2.87,16629600,sz000558,47726952.0
2023-04-13,2.87,3.04,2.87,2.99,52543989,sz000558,157106527.11
2023-04-14,2.99,3.0,2.92,2.94,24605200,sz000558,72339288.0
2023-04-17,2.95,2.95,2.9,2.92,15302550,sz000558,44683446.0
2023-04-18,2.91,2.95,2.89,2.94,15037630,sz000558,44210632.199999996
2023-04-19,2.93,2.93,2.86,2.88,19548850,sz000558,56300688.0
2023-04-20,2.88,2.89,2.82,2.87,17009400,sz000558,48816978.0
2023-04-21,2.87,2.87,2.78,2.79,21802585,sz000558,60829212.15
2023-04-24,2.78,2.8,2.69,2.79,18745193,sz000558,52299088.47
2023-04-25,2.78,2.78,2.65,2.7,16744186,sz000558,45209302.2
2023-04-26,2.63,2.67,2.59,2.61,22027900,sz000558,57492819.0
2023-04-27,2.58,2.63,2.56,2.59,18162119,sz000558,47039888.21
2023-04-28,2.59,2.78,2.58,2.75,29522950,sz000558,81188112.5
2023-05-04,2.84,3.01,2.83,2.94,65057071,sz000558,191267788.74
2023-05-05,2.96,3.02,2.94,3.02,53291200,sz000558,160939424.0
2023-05-08,3.03,3.07,2.97,3.06,39902200,sz000558,122100732.0
2023-05-09,3.04,3.07,2.99,3.01,35419550,sz000558,106612845.49999999
2023-05-10,3.02,3.05,2.98,2.99,21921750,sz000558,65546032.50000001
2023-05-11,3.02,3.13,3.02,3.09,40773000,sz000558,125988570.0
2023-05-12,3.09,3.14,3.08,3.09,24298950,sz000558,75083755.5
2023-05-15,3.1,3.12,3.01,3.06,24447250,sz000558,74808585.0
2023-05-16,3.06,3.11,3.0,3.02,18710650,sz000558,56506163.0
2023-05-17,3.01,3.04,2.98,3.0,15537950,sz000558,46613850.0
2023-05-18,3.03,3.06,2.99,3.04,15428950,sz000558,46904008.0
2023-05-19,3.06,3.1,3.01,3.05,18604850,sz000558,56744792.5
2023-05-22,3.05,3.07,2.98,3.01,20750750,sz000558,62459757.49999999
2023-05-23,3.0,3.02,2.97,2.99,13774800,sz000558,41186652.0
2023-05-24,2.97,3.02,2.95,2.98,19911850,sz000558,59337313.0
2023-05-25,2.98,3.01,2.95,3.01,16794150,sz000558,50550391.5
2023-05-26,3.01,3.1,2.97,3.09,23486308,sz000558,72572691.72
2023-05-29,3.12,3.28,3.09,3.14,36189747,sz000558,113635805.58
2023-05-30,3.08,3.11,3.03,3.09,27554900,sz000558,85144641.0
2023-05-31,3.08,3.22,3.03,3.16,39531050,sz000558,124918118.0
2023-06-01,3.15,3.24,3.12,3.17,36647050,sz000558,116171148.5
2023-06-02,3.16,3.19,3.09,3.13,27222500,sz000558,85206425.0
2023-06-05,3.14,3.19,3.12,3.19,29157750,sz000558,93013222.5
2023-06-06,3.2,3.27,3.15,3.16,27565350,sz000558,87106506.0
2023-06-07,3.15,3.27,3.15,3.22,34939665,sz000558,112505721.30000001
2023-06-08,3.25,3.33,3.2,3.22,30052101,sz000558,96767765.22
2023-06-09,3.22,3.26,3.2,3.23,22045854,sz000558,71208108.42
2023-06-12,3.25,3.32,3.23,3.29,31058281,sz000558,102181744.49
2023-06-13,3.29,3.35,3.26,3.28,28723401,sz000558,94212755.28
2023-06-14,3.3,3.38,3.22,3.23,29101653,sz000558,93998339.19
2023-06-15,3.23,3.25,3.18,3.23,23396768,sz000558,75571560.64
2023-06-16,3.22,3.29,3.18,3.26,23299941,sz000558,75957807.66
2023-06-19,3.25,3.27,3.16,3.17,25649950,sz000558,81310341.5
2023-06-20,3.19,3.19,3.05,3.08,33336750,sz000558,102677190.0
2023-06-21,3.09,3.09,2.99,3.0,20981100,sz000558,62943300.0
2023-06-26,3.02,3.09,2.95,2.96,32576851,sz000558,96427478.96
2023-06-27,2.97,3.09,2.96,3.08,31472851,sz000558,96936381.08
2023-06-28,3.08,3.08,2.96,3.04,28433851,sz000558,86438907.04
2023-06-29,3.01,3.06,2.99,3.0,18096150,sz000558,54288450.0
2023-06-30,2.99,3.05,2.99,3.03,13402500,sz000558,40609575.0
2023-07-03,3.04,3.08,3.03,3.04,14156050,sz000558,43034392.0
2023-07-04,3.03,3.05,3.01,3.02,12998550,sz000558,39255621.0
2023-07-05,3.03,3.32,3.03,3.32,40388293,sz000558,134089132.75999999
2023-07-06,3.31,3.38,3.23,3.32,86184200,sz000558,286131544.0
2023-07-07,3.36,3.49,3.27,3.29,122498454,sz000558,403019913.66
2023-07-10,3.27,3.35,3.26,3.27,61354929,sz000558,200630617.83
2023-07-11,3.28,3.38,3.22,3.22,48319750,sz000558,155589595.0
2023-07-12,3.23,3.26,3.16,3.17,29878601,sz000558,94715165.17
2023-07-13,3.17,3.2,3.13,3.18,26641150,sz000558,84718857.0
2023-07-14,3.17,3.27,3.15,3.22,29310826,sz000558,94380859.72
2023-07-17,3.19,3.22,3.13,3.19,24278700,sz000558,77449053.0
2023-07-18,3.21,3.21,3.14,3.17,20731550,sz000558,65719013.5
2023-07-19,3.15,3.19,3.14,3.19,18615475,sz000558,59383365.25
2023-07-20,3.19,3.22,3.15,3.16,20908450,sz000558,66070702.0
2023-07-21,3.15,3.21,3.14,3.21,29631325,sz000558,95116553.25
2023-07-24,3.28,3.36,3.16,3.27,60711250,sz000558,198525787.5
2023-07-25,3.3,3.39,3.29,3.37,64039625,sz000558,215813536.25
2023-07-26,3.36,3.42,3.33,3.38,47718501,sz000558,161288533.38
2023-07-27,3.36,3.44,3.31,3.34,43257650,sz000558,144480551.0
2023-07-28,3.35,3.39,3.27,3.3,47097517,sz000558,155421806.1
2023-07-31,3.3,3.4,3.28,3.37,39470900,sz000558,133016933.0
2023-08-01,3.31,3.36,3.28,3.3,36514500,sz000558,120497850.0
2023-08-02,3.31,3.36,3.27,3.3,23441850,sz000558,77358105.0
2023-08-03,3.3,3.3,3.24,3.29,22640351,sz000558,74486754.79
2023-08-04,3.34,3.36,3.23,3.24,28506700,sz000558,92361708.0
2023-08-07,3.25,3.26,3.15,3.17,26187016,sz000558,83012840.72
2023-08-08,3.17,3.19,3.12,3.14,21420150,sz000558,67259271.0
2023-08-09,3.12,3.14,3.07,3.08,20843731,sz000558,64198691.480000004
2023-08-10,3.09,3.12,3.07,3.08,18778200,sz000558,57836856.0
2023-08-11,3.1,3.12,3.04,3.04,22550900,sz000558,68554736.0
2023-08-14,3.03,3.07,2.98,3.06,20151126,sz000558,61662445.56
2023-08-15,3.07,3.07,3.0,3.03,18967600,sz000558,57471828.0
2023-08-16,3.03,3.08,3.0,3.05,17514500,sz000558,53419225.0
2023-08-17,3.03,3.05,2.99,3.04,13539266,sz000558,41159368.64
2023-08-18,3.05,3.07,2.95,2.95,24331823,sz000558,71778877.85000001
2023-08-21,2.94,2.99,2.91,2.92,21961400,sz000558,64127288.0
2023-08-22,2.93,2.96,2.87,2.91,20675450,sz000558,60165559.5
2023-08-23,2.91,2.92,2.86,2.87,17553200,sz000558,50377684.0
2023-08-24,2.87,2.91,2.86,2.87,18254600,sz000558,52390702.0
2023-08-25,2.86,2.9,2.83,2.85,28813200,sz000558,82117620.0
2023-08-28,2.98,3.01,2.93,2.96,39947050,sz000558,118243268.0
2023-08-29,2.95,3.05,2.94,3.05,35577206,sz000558,108510478.3
2023-08-30,3.05,3.13,3.04,3.08,34187331,sz000558,105296979.48
2023-08-31,3.08,3.1,2.98,3.0,28269557,sz000558,84808671.0
2023-09-01,3.01,3.11,2.97,3.05,40974926,sz000558,124973524.3
2023-09-04,3.06,3.1,3.03,3.05,31778498,sz000558,96924418.89999999
2023-09-05,3.03,3.04,2.95,2.97,26963300,sz000558,80081001.0
2023-09-06,2.98,2.99,2.93,2.96,19422231,sz000558,57489803.76
2023-09-07,2.98,3.17,2.98,3.03,74340681,sz000558,225252263.42999998
2023-09-08,3.01,3.04,2.93,3.0,47254735,sz000558,141764205.0
2023-09-11,3.02,3.02,2.93,2.95,36652600,sz000558,108125170.0
2023-09-12,2.93,2.95,2.88,2.9,32065600,sz000558,92990240.0
2023-09-13,2.91,2.92,2.89,2.92,18950200,sz000558,55334584.0
2023-09-14,2.91,2.91,2.83,2.86,20919600,sz000558,59830056.0
2023-09-15,2.87,2.9,2.84,2.88,15421000,sz000558,44412480.0
2023-09-18,2.87,3.03,2.85,2.95,36634810,sz000558,108072689.5
2023-09-19,2.95,2.96,2.87,2.88,23657150,sz000558,68132592.0
2023-09-20,2.87,2.89,2.85,2.86,15461800,sz000558,44220748.0
2023-09-21,2.85,2.93,2.84,2.9,20697300,sz000558,60022170.0
2023-09-22,2.88,2.91,2.85,2.91,18762841,sz000558,54599867.31
2023-09-25,2.89,2.9,2.78,2.8,32078482,sz000558,89819749.6
2023-09-26,2.79,2.81,2.75,2.77,15475219,sz000558,42866356.63
2023-09-27,2.77,2.79,2.75,2.76,10986050,sz000558,30321497.999999996
2023-09-28,2.77,2.91,2.77,2.84,26351339,sz000558,74837802.75999999
2023-10-09,2.82,2.87,2.78,2.79,20628300,sz000558,57552957.0
2023-10-10,2.84,2.92,2.8,2.82,26555650,sz000558,74886933.0
2023-10-11,2.82,2.83,2.78,2.82,14439750,sz000558,40720095.0
2023-10-12,2.84,2.86,2.81,2.84,13651941,sz000558,38771512.44
2023-10-13,2.83,2.87,2.8,2.83,14856362,sz000558,42043504.46
2023-10-16,2.84,2.84,2.77,2.77,11961050,sz000558,33132108.5
2023-10-17,2.79,2.8,2.76,2.79,10660550,sz000558,29742934.5
2023-10-18,2.79,2.79,2.71,2.71,12105800,sz000558,32806718.0
2023-10-19,2.7,2.74,2.69,2.72,7565700,sz000558,20578704.0
2023-10-20,2.72,2.78,2.7,2.72,15317600,sz000558,41663872.0
2023-10-23,2.7,2.72,2.65,2.67,13645755,sz000558,36434165.85
2023-10-24,2.69,2.74,2.67,2.73,12555615,sz000558,34276828.95
2023-10-25,2.75,2.79,2.75,2.78,11854200,sz000558,32954675.999999996
2023-10-26,2.76,2.77,2.72,2.74,10187550,sz000558,27913887.000000004
2023-10-27,2.77,2.78,2.75,2.75,13616215,sz000558,37444591.25
2023-10-30,2.74,2.78,2.74,2.77,12700350,sz000558,35179969.5
2023-10-31,2.77,2.8,2.76,2.78,15501100,sz000558,43093058.0
2023-11-01,2.78,2.8,2.76,2.78,9769351,sz000558,27158795.779999997
2023-11-02,2.79,2.8,2.77,2.77,12653353,sz000558,35049787.81
2023-11-03,2.76,2.78,2.75,2.75,11748550,sz000558,32308512.5
2023-11-06,2.76,2.82,2.75,2.82,18146750,sz000558,51173835.0
2023-11-07,2.82,2.83,2.8,2.82,11902100,sz000558,33563922.0
2023-11-08,2.83,2.86,2.81,2.83,14113500,sz000558,39941205.0
2023-11-09,2.84,2.85,2.79,2.8,12304450,sz000558,34452460.0
2023-11-10,2.8,2.81,2.76,2.79,11729051,sz000558,32724052.29
2023-11-13,2.81,2.83,2.79,2.81,9675600,sz000558,27188436.0
2023-11-14,2.83,2.98,2.83,2.95,53580744,sz000558,158063194.8
2023-11-15,2.97,3.02,2.91,2.93,40363672,sz000558,118265558.96000001
2023-11-16,2.96,2.97,2.89,2.95,28078825,sz000558,82832533.75
2023-11-17,2.95,2.96,2.91,2.91,15057940,sz000558,43818605.4
2023-11-20,2.91,2.95,2.89,2.9,16707600,sz000558,48452040.0
2023-11-21,2.91,2.98,2.91,2.95,29491850,sz000558,87000957.5
2023-11-22,2.94,2.99,2.93,2.95,19119100,sz000558,56401345.0
2023-11-23,2.95,2.99,2.91,2.97,16216835,sz000558,48163999.95
2023-11-24,2.98,2.99,2.9,2.92,23016200,sz000558,67207304.0
2023-11-27,2.92,2.92,2.86,2.88,24120050,sz000558,69465744.0
2023-11-28,2.89,2.9,2.86,2.88,13787625,sz000558,39708360.0
2023-11-29,2.9,2.9,2.84,2.84,15906600,sz000558,45174744.0
2023-11-30,2.83,2.92,2.82,2.86,22351715,sz000558,63925904.9
2023-12-01,2.86,2.91,2.85,2.89,20596765,sz000558,59524650.85
2023-12-04,2.91,2.92,2.88,2.91,14133700,sz000558,41129067.0
2023-12-05,2.9,2.93,2.85,2.86,17781600,sz000558,50855376.0
2023-12-06,2.86,2.91,2.84,2.89,17768160,sz000558,51349982.4
2023-12-07,2.91,3.07,2.9,3.0,44975100,sz000558,134925300.0
2023-12-08,2.98,3.0,2.88,2.88,28384277,sz000558,81746717.75999999
2023-12-11,2.92,2.92,2.85,2.9,20383653,sz000558,59112593.699999996
2023-12-12,2.94,3.0,2.92,2.99,31756700,sz000558,94952533.0
2023-12-13,2.99,3.19,2.99,3.11,90528650,sz000558,281544101.5
2023-12-14,3.07,3.24,3.07,3.14,65906355,sz000558,206945954.70000002
2023-12-15,3.18,3.2,3.07,3.16,56817605,sz000558,179543631.8
2023-12-18,3.19,3.26,3.13,3.13,62398461,sz000558,195307182.93
2023-12-19,3.13,3.33,3.12,3.15,64804100,sz000558,204132915.0
2023-12-20,3.15,3.18,3.02,3.03,51539499,sz000558,156164681.97
2023-12-21,3.01,3.07,2.99,3.06,35856250,sz000558,109720125.0
2023-12-22,3.06,3.08,2.97,2.98,28664450,sz000558,85420061.0
2023-12-25,2.99,2.99,2.92,2.92,18656500,sz000558,54476980.0
2023-12-26,2.91,2.95,2.89,2.93,18722800,sz000558,54857804.0
2023-12-27,2.92,2.93,2.87,2.89,14048250,sz000558,40599442.5
2023-12-28,2.88,2.93,2.85,2.92,18365000,sz000558,53625800.0
2023-12-29,2.91,2.95,2.9,2.93,20478700,sz000558,60002591.0
2024-01-02,2.93,3.02,2.92,2.97,22226600,sz000558,66013002.00000001
2024-01-03,2.96,3.06,2.91,3.04,37209850,sz000558,113117944.0
2024-01-04,3.02,3.14,2.99,3.11,52400335,sz000558,162965041.85
2024-01-05,3.07,3.32,3.06,3.18,110864475,sz000558,352549030.5
2024-01-08,3.07,3.19,3.02,3.03,90167400,sz000558,273207222.0
2024-01-09,3.08,3.24,3.05,3.13,74273000,sz000558,232474490.0
2024-01-10,3.09,3.44,3.06,3.44,101139804,sz000558,347920925.76
2024-01-11,3.51,3.6,3.24,3.27,150472046,sz000558,492043590.42
2024-01-12,3.27,3.29,3.16,3.17,86705225,sz000558,274855563.25
2024-01-15,3.12,3.24,3.07,3.19,73332540,sz000558,233930802.6
2024-01-16,3.17,3.18,3.06,3.1,67586729,sz000558,209518859.9
2024-01-17,3.11,3.13,2.98,2.99,50527275,sz000558,151076552.25
2024-01-18,2.96,3.02,2.9,3.01,44467752,sz000558,133847933.52
2024-01-19,2.99,3.0,2.93,2.95,31379200,sz000558,92568640.0
2024-01-22,2.94,2.95,2.73,2.79,42859750,sz000558,119578702.5
2024-01-23,2.76,2.82,2.73,2.8,26210650,sz000558,73389820.0
2024-01-24,2.8,2.86,2.76,2.84,22997100,sz000558,65311764.0
2024-01-25,2.82,2.94,2.81,2.92,31094450,sz000558,90795794.0
2024-01-26,2.91,2.98,2.9,2.93,29089838,sz000558,85233225.34
2024-01-29,2.97,3.03,2.87,2.88,24260500,sz000558,69870240.0
2024-01-30,2.86,2.91,2.79,2.79,20446523,sz000558,57045799.17
2024-01-31,2.78,2.84,2.74,2.75,26739551,sz000558,73533765.25
2024-02-01,2.73,2.76,2.63,2.66,28001050,sz000558,74482793.0
2024-02-02,2.64,2.71,2.49,2.6,29168991,sz000558,75839376.60000001
2024-02-05,2.56,2.58,2.34,2.34,34245050,sz000558,80133417.0
2024-02-06,2.27,2.47,2.15,2.38,29603590,sz000558,70456544.2
2024-02-07,2.37,2.45,2.31,2.4,28059675,sz000558,67343220.0
2024-02-08,2.4,2.57,2.38,2.53,27577022,sz000558,69769865.66
2024-02-19,2.58,2.61,2.53,2.57,21682199,sz000558,55723251.43
2024-02-20,2.56,2.59,2.52,2.58,21049456,sz000558,54307596.480000004
2024-02-21,2.56,2.67,2.55,2.61,24321650,sz000558,63479506.5
2024-02-22,2.59,2.64,2.58,2.62,18446815,sz000558,48330655.300000004
2024-02-23,2.63,2.67,2.59,2.65,20840515,sz000558,55227364.75
2024-02-26,2.65,2.74,2.62,2.7,31152965,sz000558,84113005.5
2024-02-27,2.69,2.74,2.68,2.74,18497281,sz000558,50682549.940000005
2024-02-28,2.75,2.8,2.58,2.58,41161465,sz000558,106196579.7
2024-02-29,2.58,2.64,2.56,2.64,23596053,sz000558,62293579.92
2024-03-01,2.65,2.68,2.61,2.65,18067303,sz000558,47878352.949999996
2024-03-04,2.65,2.65,2.59,2.61,15895653,sz000558,41487654.33
2024-03-05,2.59,2.61,2.56,2.57,13309003,sz000558,34204137.71
2024-03-06,2.56,2.6,2.54,2.57,13513000,sz000558,34728410.0
2024-03-07,2.57,2.63,2.56,2.6,17492950,sz000558,45481670.0
2024-03-08,2.6,2.6,2.54,2.57,13785500,sz000558,35428735.0
2024-03-11,2.58,2.61,2.55,2.61,13531050,sz000558,35316040.5
2024-03-12,2.62,2.72,2.6,2.67,28222632,sz000558,75354427.44
2024-03-13,2.67,2.68,2.62,2.63,16046787,sz000558,42203049.809999995
2024-03-14,2.63,2.68,2.62,2.66,19811508,sz000558,52698611.28
2024-03-15,2.64,2.68,2.64,2.68,14736500,sz000558,39493820.0
2024-03-18,2.69,2.7,2.65,2.68,19576350,sz000558,52464618.0
2024-03-19,2.68,2.69,2.65,2.65,15038000,sz000558,39850700.0
2024-03-20,2.66,2.73,2.64,2.7,25517897,sz000558,68898321.9
2024-03-21,2.69,2.73,2.68,2.71,22940847,sz000558,62169695.37
2024-03-22,2.71,2.72,2.64,2.68,20252652,sz000558,54277107.36000001
2024-03-25,2.67,2.69,2.63,2.63,16644454,sz000558,43774914.019999996
2024-03-26,2.63,2.66,2.58,2.61,16181002,sz000558,42232415.22
2024-03-27,2.61,2.63,2.52,2.52,24833000,sz000558,62579160.0
2024-03-28,2.51,2.59,2.51,2.57,15304903,sz000558,39333600.71
2024-03-29,2.56,2.58,2.53,2.58,13265330,sz000558,34224551.4
2024-04-01,2.58,2.65,2.58,2.65,16534950,sz000558,43817617.5
2024-04-02,2.65,2.71,2.64,2.67,20462050,sz000558,54633673.5
2024-04-03,2.66,2.68,2.64,2.65,13705300,sz000558,36319045.0
2024-04-08,2.75,2.92,2.72,2.76,79022419,sz000558,218101876.44
2024-04-09,2.74,3.04,2.74,3.02,159692275,sz000558,482270670.5
2024-04-10,2.9,2.96,2.79,2.79,123937369,sz000558,345785259.51
2024-04-11,2.73,2.79,2.68,2.76,81113778,sz000558,223874027.27999997
2024-04-12,2.73,2.77,2.61,2.61,74254627,sz000558,193804576.47
2024-04-15,2.35,2.42,2.35,2.35,77722220,sz000558,182647217.0
2024-04-16,2.32,2.4,2.17,2.33,54178480,sz000558,126235858.4
2024-04-17,2.37,2.42,2.34,2.4,34712267,sz000558,83309440.8
2024-04-18,2.41,2.42,2.32,2.32,27157056,sz000558,63004369.919999994
2024-04-19,2.29,2.31,2.26,2.28,19257972,sz000558,43908176.16
2024-04-22,2.3,2.32,2.22,2.26,15846050,sz000558,35812073.0
2024-04-23,2.28,2.3,2.26,2.3,10397350,sz000558,23913905.0
2024-04-24,2.32,2.35,2.28,2.35,15179428,sz000558,35671655.800000004
2024-04-25,2.35,2.38,2.32,2.35,13520450,sz000558,31773057.5
2024-04-26,2.4,2.43,2.36,2.38,19065160,sz000558,45375080.8
2024-04-29,2.4,2.51,2.38,2.49,32401082,sz000558,80678694.18
2024-04-30,2.47,2.57,2.45,2.52,38142700,sz000558,96119604.0
2024-05-06,2.53,2.55,2.5,2.51,21832333,sz000558,54799155.83
2024-05-07,2.51,2.53,2.47,2.53,22017376,sz000558,55703961.279999994
2024-05-08,2.52,2.74,2.49,2.55,41451350,sz000558,105700942.5
2024-05-09,2.52,2.55,2.49,2.52,26699979,sz000558,67283947.08
2024-05-10,2.54,2.56,2.51,2.54,21961000,sz000558,55780940.0
2024-05-13,2.52,2.54,2.46,2.47,16393550,sz000558,40492068.5
2024-05-14,2.49,2.52,2.47,2.5,13715790,sz000558,34289475.0
2024-05-15,2.48,2.54,2.47,2.5,15671100,sz000558,39177750.0
2024-05-16,2.5,2.6,2.5,2.57,27712202,sz000558,71220359.14
2024-05-17,2.57,2.64,2.57,2.63,34123600,sz000558,89745068.0
2024-05-20,2.69,2.78,2.66,2.69,68774517,sz000558,185003450.73
2024-05-21,2.69,2.71,2.61,2.63,39539150,sz000558,103987964.5
2024-05-22,2.64,2.67,2.61,2.62,28624900,sz000558,74997238.0
2024-05-23,2.62,2.66,2.5,2.56,32637200,sz000558,83551232.0
2024-05-24,2.56,2.57,2.49,2.5,20175600,sz000558,50439000.0
2024-05-27,2.51,2.53,2.48,2.52,16613800,sz000558,41866776.0
2024-05-28,2.52,2.54,2.48,2.48,17162550,sz000558,42563124.0
2024-05-29,2.46,2.5,2.41,2.44,17597450,sz000558,42937778.0
2024-05-30,2.42,2.43,2.37,2.38,19357817,sz000558,46071604.46
2024-05-31,2.38,2.41,2.36,2.4,12779750,sz000558,30671400.0
2024-06-03,2.4,2.4,2.28,2.32,18323200,sz000558,42509824.0
2024-06-04,2.33,2.38,2.27,2.37,18282546,sz000558,43329634.02
2024-06-05,2.35,2.36,2.31,2.31,10498400,sz000558,24251304.0
2024-06-06,2.31,2.33,2.17,2.18,29320750,sz000558,63919235.00000001
2024-06-07,2.23,2.26,2.19,2.24,19925792,sz000558,44633774.080000006
2024-06-11,2.25,2.31,2.21,2.3,18107050,sz000558,41646215.0
2024-06-12,2.3,2.33,2.26,2.31,10872050,sz000558,25114435.5
2024-06-13,2.32,2.34,2.24,2.25,12762043,sz000558,28714596.75
2024-06-14,2.25,2.28,2.22,2.27,11191890,sz000558,25405590.3
2024-06-17,2.26,2.27,2.22,2.23,8981029,sz000558,20027694.669999998
2024-06-18,2.23,2.27,2.23,2.26,8237200,sz000558,18616072.0
2024-06-19,2.27,2.35,2.25,2.32,20509982,sz000558,47583158.239999995
2024-06-20,2.34,2.34,2.24,2.25,14990800,sz000558,33729300.0
2024-06-21,2.26,2.26,2.23,2.23,8590600,sz000558,19157038.0
2024-06-24,2.22,2.23,2.13,2.14,20534053,sz000558,43942873.42
2024-06-25,2.14,2.18,2.12,2.15,11696450,sz000558,25147367.5
2024-06-26,2.16,2.21,2.13,2.2,10269782,sz000558,22593520.400000002
2024-06-27,2.2,2.22,2.16,2.16,12585415,sz000558,27184496.400000002
2024-06-28,2.16,2.19,2.14,2.14,9831082,sz000558,21038515.48
2024-07-01,2.15,2.19,2.14,2.19,11818900,sz000558,25883391.0
2024-07-02,2.2,2.25,2.18,2.24,11348750,sz000558,25421200.000000004
2024-07-03,2.24,2.28,2.22,2.24,11853800,sz000558,26552512.000000004
2024-07-04,2.24,2.24,2.13,2.16,14522100,sz000558,31367736.000000004
2024-07-05,2.15,2.2,2.13,2.19,7786353,sz000558,17052113.07
2024-07-08,2.2,2.2,2.12,2.12,11156700,sz000558,23652204.0
2024-07-09,2.12,2.15,2.06,2.15,14341839,sz000558,30834953.849999998
2024-07-10,2.14,2.16,2.11,2.12,10113536,sz000558,21440696.32
2024-07-11,2.16,2.19,2.15,2.18,12454833,sz000558,27151535.94
2024-07-12,2.18,2.22,2.17,2.18,9128301,sz000558,19899696.18
2024-07-15,2.16,2.18,2.12,2.13,8780400,sz000558,18702252.0
2024-07-16,2.14,2.14,2.11,2.14,5846100,sz000558,12510654.0
2024-07-17,2.14,2.15,2.12,2.13,5196508,sz000558,11068562.04
2024-07-18,2.13,2.16,2.09,2.15,11576400,sz000558,24889260.0
2024-07-19,2.15,2.15,2.12,2.13,7908843,sz000558,16845835.59
2024-07-22,2.14,2.15,2.11,2.15,7969993,sz000558,17135484.95
2024-07-23,2.14,2.18,2.13,2.13,11894526,sz000558,25335340.38
2024-07-24,2.14,2.14,2.06,2.06,16160150,sz000558,33289909.0
2024-07-25,2.07,2.12,2.05,2.11,10043465,sz000558,21191711.15
2024-07-26,2.09,2.13,2.09,2.13,8281554,sz000558,17639710.02
2024-07-29,2.14,2.14,2.1,2.12,5708600,sz000558,12102232.0
2024-07-30,2.12,2.16,2.12,2.14,9249883,sz000558,19794749.62
2024-07-31,2.17,2.22,2.16,2.22,16252541,sz000558,36080641.02
2024-08-01,2.2,2.23,2.19,2.2,10314350,sz000558,22691570.0
2024-08-02,2.19,2.25,2.18,2.21,10734600,sz000558,23723466.0
2024-08-05,2.43,2.43,2.43,2.43,34302491,sz000558,83355053.13000001
2024-08-06,2.37,2.66,2.32,2.49,104468183,sz000558,260125775.67000002
2024-08-07,2.44,2.48,2.32,2.39,70152644,sz000558,167664819.16
2024-08-08,2.33,2.39,2.29,2.31,36667450,sz000558,84701809.5
2024-08-09,2.38,2.54,2.33,2.54,116714841,sz000558,296455696.14
2024-08-12,2.54,2.56,2.32,2.35,89732919,sz000558,210872359.65
2024-08-13,2.4,2.47,2.26,2.28,53726011,sz000558,122495305.07999998
2024-08-14,2.28,2.3,2.24,2.27,36345933,sz000558,82505267.91
2024-08-15,2.29,2.38,2.26,2.36,40889316,sz000558,96498785.75999999
2024-08-16,2.35,2.37,2.28,2.28,27747451,sz000558,63264188.279999994
2024-08-19,2.27,2.32,2.24,2.28,16968961,sz000558,38689231.08
2024-08-20,2.28,2.31,2.25,2.26,17946769,sz000558,40559697.94
2024-08-21,2.24,2.27,2.24,2.26,11769500,sz000558,26599069.999999996
2024-08-22,2.25,2.29,2.2,2.21,14070750,sz000558,31096357.5
2024-08-23,2.2,2.22,2.17,2.2,13654260,sz000558,30039372.000000004
2024-08-26,2.18,2.22,2.17,2.22,10420945,sz000558,23134497.900000002
2024-08-27,2.21,2.22,2.16,2.17,12014450,sz000558,26071356.5
2024-08-28,2.17,2.19,2.14,2.17,10433100,sz000558,22639827.0
2024-08-29,2.16,2.2,2.15,2.18,9444350,sz000558,20588683.0
2024-08-30,2.19,2.28,2.18,2.24,18031550,sz000558,40390672.00000001
2024-09-02,2.25,2.27,2.21,2.22,13961745,sz000558,30995073.900000002
2024-09-03,2.25,2.3,2.22,2.27,14743850,sz000558,33468539.5
2024-09-04,2.29,2.31,2.24,2.25,11496569,sz000558,25867280.25
2024-09-05,2.25,2.29,2.25,2.28,9854019,sz000558,22467163.319999997
2024-09-06,2.28,2.29,2.24,2.25,10287900,sz000558,23147775.0
2024-09-09,2.25,2.34,2.22,2.3,20451050,sz000558,47037415.0
2024-09-10,2.27,2.28,2.23,2.26,15974050,sz000558,36101353.0
2024-09-11,2.29,2.29,2.24,2.25,9555500,sz000558,21499875.0
2024-09-12,2.23,2.27,2.23,2.24,8063250,sz000558,18061680.0
2024-09-13,2.24,2.32,2.24,2.28,15112750,sz000558,34457070.0
2024-09-18,2.29,2.3,2.23,2.28,12950150,sz000558,29526341.999999996
2024-09-19,2.28,2.33,2.27,2.31,13642100,sz000558,31513251.0
2024-09-20,2.32,2.32,2.28,2.32,12129050,sz000558,28139395.999999996
2024-09-23,2.32,2.33,2.29,2.31,11798703,sz000558,27255003.93
2024-09-24,2.32,2.36,2.3,2.35,21249553,sz000558,49936449.550000004
2024-09-25,2.36,2.47,2.36,2.38,31433154,sz000558,74810906.52
2024-09-26,2.37,2.52,2.37,2.49,53660363,sz000558,133614303.87
2024-09-27,2.54,2.69,2.48,2.6,62052451,sz000558,161336372.6
2024-09-30,2.68,2.83,2.62,2.82,69499540,sz000558,195988702.79999998
2024-10-08,3.06,3.08,2.75,2.85,90895947,sz000558,259053448.95000002
2024-10-09,2.8,2.81,2.57,2.57,57435789,sz000558,147609977.73
2024-10-10,2.57,2.62,2.49,2.55,36244218,sz000558,92422755.89999999
2024-10-11,2.55,2.57,2.51,2.55,27291434,sz000558,69593156.69999999
2024-10-14,2.58,2.6,2.51,2.57,25779200,sz000558,66252543.99999999
2024-10-15,2.58,2.58,2.49,2.5,29428872,sz000558,73572180.0
2024-10-16,2.49,2.75,2.47,2.75,74746101,sz000558,205551777.75
2024-10-17,2.73,2.73,2.63,2.64,92192214,sz000558,243387444.96
2024-10-18,2.64,2.66,2.55,2.61,63842834,sz000558,166629796.73999998
2024-10-21,2.61,2.72,2.59,2.68,56300756,sz000558,150886026.08
2024-10-22,2.67,2.72,2.66,2.7,35095284,sz000558,94757266.80000001
2024-10-23,2.69,2.77,2.68,2.72,30732500,sz000558,83592400.0
2024-10-24,2.71,2.99,2.68,2.83,93789501,sz000558,265424287.83
2024-10-25,2.84,3.04,2.84,2.95,89458499,sz000558,263902572.05
2024-10-28,3.1,3.25,3.08,3.25,128676527,sz000558,418198712.75
2024-10-29,3.25,3.27,3.03,3.05,150440003,sz000558,458842009.15
2024-10-30,2.97,3.03,2.9,2.96,76895128,sz000558,227609578.88
2024-10-31,2.99,3.24,2.96,3.14,103661577,sz000558,325497351.78000003
2024-11-01,3.09,3.14,2.96,2.97,63337752,sz000558,188113123.44
2024-11-04,2.95,3.01,2.92,3.0,40714650,sz000558,122143950.0
2024-11-05,2.96,3.09,2.96,3.06,70945202,sz000558,217092318.12
2024-11-06,3.07,3.25,3.03,3.13,84234667,sz000558,263654507.70999998
2024-11-07,3.14,3.38,3.14,3.3,109796700,sz000558,362329110.0
2024-11-08,3.27,3.34,3.13,3.16,100055915,sz000558,316176691.40000004
2024-11-11,3.14,3.17,3.08,3.15,52002698,sz000558,163808498.7
2024-11-12,3.15,3.16,3.05,3.06,48812214,sz000558,149365374.84
2024-11-13,3.08,3.09,2.98,3.05,35474000,sz000558,108195700.0
2024-11-14,3.06,3.07,2.98,2.98,30630150,sz000558,91277847.0
2024-11-15,3.0,3.02,2.89,2.91,36946650,sz000558,107514751.5
2024-11-18,2.91,2.94,2.76,2.79,42302301,sz000558,118023419.79
2024-11-19,2.8,2.86,2.76,2.85,33697473,sz000558,96037798.05
2024-11-20,2.85,2.93,2.83,2.93,34694319,sz000558,101654354.67
2024-11-21,2.93,2.99,2.89,2.96,31119801,sz000558,92114610.96
2024-11-22,2.95,3.13,2.9,2.91,54142876,sz000558,157555769.16
2024-11-25,2.93,3.01,2.88,2.94,34549564,sz000558,101575718.16
2024-11-26,2.92,3.01,2.87,2.93,45077350,sz000558,132076635.5
2024-11-27,2.95,3.0,2.82,3.0,39760650,sz000558,119281950.0
2024-11-28,3.02,3.1,3.0,3.04,48860857,sz000558,148537005.28
2024-11-29,3.03,3.06,2.98,3.05,33652514,sz000558,102640167.69999999
2024-12-02,3.06,3.17,3.05,3.17,47128582,sz000558,149397604.94
2024-12-03,3.19,3.49,3.16,3.32,195513875,sz000558,649106065.0
2024-12-04,3.25,3.35,3.18,3.21,119814537,sz000558,384604663.77
2024-12-05,3.26,3.35,3.24,3.32,69331851,sz000558,230181745.32
2024-12-06,3.43,3.54,3.31,3.42,103768875,sz000558,354889552.5
2024-12-09,3.4,3.51,3.31,3.33,83810620,sz000558,279089364.6
2024-12-10,3.41,3.42,3.25,3.25,59849750,sz000558,194511687.5
2024-12-11,3.23,3.58,3.22,3.58,136031330,sz000558,486992161.40000004
2024-12-12,3.56,3.94,3.53,3.94,127245914,sz000558,501348901.15999997
2024-12-13,4.33,4.33,4.33,4.33,22021853,sz000558,95354623.49
2024-12-16,4.76,4.76,4.76,4.76,12252687,sz000558,58322790.12
2024-12-17,5.24,5.24,4.79,4.98,480161664,sz000558,2391205086.7200003
2024-12-18,4.48,4.53,4.48,4.48,106647900,sz000558,477782592.00000006
2024-12-19,4.03,4.4,4.03,4.03,332713658,sz000558,1340836041.74
2024-12-20,3.87,3.98,3.69,3.75,244941970,sz000558,918532387.5
2024-12-23,3.65,3.71,3.4,3.45,178280271,sz000558,615066934.95
2024-12-24,3.48,3.51,3.34,3.37,128229465,sz000558,432133297.05
2024-12-25,3.36,3.38,3.19,3.23,113373605,sz000558,366196744.15
2024-12-26,3.22,3.32,3.2,3.27,102851060,sz000558,336322966.2
2024-12-27,3.24,3.36,3.21,3.28,92876910,sz000558,304636264.79999995
2024-12-30,3.26,3.26,3.09,3.1,106901068,sz000558,331393310.8
2024-12-31,3.25,3.41,3.2,3.41,85970592,sz000558,293159718.72
2025-01-02,3.41,3.68,3.39,3.55,249091935,sz000558,884276369.25
2025-01-03,3.45,3.45,3.2,3.2,145679021,sz000558,466172867.20000005
2025-01-06,3.1,3.45,3.09,3.27,123513955,sz000558,403890632.85
2025-01-07,3.2,3.25,3.12,3.25,89113851,sz000558,289620015.75
2025-01-08,3.19,3.31,3.16,3.27,86774360,sz000558,283752157.2
2025-01-09,3.24,3.4,3.22,3.33,102368038,sz000558,340885566.54
2025-01-10,3.29,3.3,3.09,3.1,91079089,sz000558,282345175.90000004
2025-01-13,3.0,3.2,2.89,3.09,73564100,sz000558,227313069.0
2025-01-14,3.23,3.39,3.13,3.33,109961506,sz000558,366171814.98
2025-01-15,3.34,3.5,3.27,3.37,115704103,sz000558,389922827.11
2025-01-16,3.35,3.47,3.3,3.38,108513941,sz000558,366777120.58
2025-01-17,3.33,3.35,3.25,3.26,65666503,sz000558,214072799.77999997
2025-01-20,3.27,3.34,3.2,3.24,65524016,sz000558,212297811.84
2025-01-21,3.38,3.56,3.33,3.34,159844067,sz000558,533879183.78
2025-01-22,3.3,3.34,3.17,3.17,90501950,sz000558,286891181.5
2025-01-23,3.22,3.35,3.19,3.24,95544103,sz000558,309562893.72
2025-01-24,3.21,3.26,3.18,3.25,57878094,sz000558,188103805.5
2025-01-27,3.26,3.31,3.22,3.22,40627911,sz000558,130821873.42
2025-02-05,3.24,3.32,3.18,3.31,70709150,sz000558,234047286.5
2025-02-06,3.3,3.43,3.25,3.41,89947101,sz000558,306719614.41
2025-02-07,3.38,3.49,3.38,3.45,91055912,sz000558,314142896.40000004
2025-02-10,3.45,3.5,3.43,3.5,79227200,sz000558,277295200.0
2025-02-11,3.5,3.55,3.39,3.5,83708062,sz000558,292978217.0
2025-02-12,3.51,3.65,3.49,3.63,102818303,sz000558,373230439.89
2025-02-13,3.62,3.83,3.56,3.71,111394269,sz000558,413272737.99
2025-02-14,3.68,4.08,3.57,3.67,188318799,sz000558,691129992.33
2025-02-17,3.61,3.67,3.52,3.56,117277529,sz000558,417508003.24
2025-02-18,3.55,3.63,3.38,3.39,95699995,sz000558,324422983.05
2025-02-19,3.4,3.43,3.36,3.41,63773676,sz000558,217468235.16
2025-02-20,3.43,3.49,3.38,3.43,57281600,sz000558,196475888.0
2025-02-21,3.44,3.48,3.38,3.41,61368320,sz000558,209265971.20000002
2025-02-24,3.4,3.5,3.37,3.43,76625917,sz000558,262826895.31
2025-02-25,3.4,3.44,3.35,3.36,59550500,sz000558,200089680.0
2025-02-26,3.36,3.4,3.34,3.37,45906312,sz000558,154704271.44
2025-02-27,3.38,3.52,3.37,3.45,81385400,sz000558,280779630.0
2025-02-28,3.43,3.51,3.36,3.36,77937600,sz000558,261870336.0
2025-03-03,3.37,3.38,3.25,3.27,64203981,sz000558,209947017.87
2025-03-04,3.24,3.28,3.2,3.28,38955281,sz000558,127773321.67999999
2025-03-05,3.28,3.28,3.18,3.24,43996228,sz000558,142547778.72
2025-03-06,3.22,3.3,3.21,3.27,42022316,sz000558,137412973.32
2025-03-07,3.27,3.4,3.24,3.33,65373400,sz000558,217693422.0
2025-03-10,3.3,3.37,3.27,3.35,40619284,sz000558,136074601.4
2025-03-11,3.3,3.39,3.28,3.39,47448353,sz000558,160849916.67000002
2025-03-12,3.39,3.45,3.37,3.37,45503550,sz000558,153346963.5
2025-03-13,3.36,3.38,3.26,3.29,41233980,sz000558,135659794.2
2025-03-14,3.3,3.41,3.3,3.39,57286483,sz000558,194201177.37
2025-03-17,3.44,3.53,3.42,3.43,54153961,sz000558,185748086.23000002
2025-03-18,3.44,3.46,3.37,3.42,40842950,sz000558,139682889.0
2025-03-19,3.46,3.48,3.37,3.38,35782500,sz000558,120944850.0
2025-03-20,3.37,3.54,3.37,3.43,86941250,sz000558,298208487.5
2025-03-21,3.4,3.49,3.37,3.42,56156279,sz000558,192054474.18
2025-03-24,3.47,3.76,3.45,3.76,254589364,sz000558,957256008.64
2025-03-25,3.6,4.13,3.53,3.83,254403529,sz000558,974365516.07
2025-03-26,3.69,3.99,3.66,3.87,170274200,sz000558,658961154.0
2025-03-27,3.85,4.03,3.72,3.74,149219609,sz000558,558081337.6600001
2025-03-28,3.68,3.75,3.55,3.56,105091204,sz000558,374124686.24
2025-03-31,3.61,3.92,3.61,3.74,183584630,sz000558,686606516.2
2025-04-01,3.73,3.99,3.72,3.81,158450902,sz000558,603697936.62
2025-04-02,3.78,3.92,3.7,3.91,130730773,sz000558,511157322.43
2025-04-03,3.86,4.24,3.85,4.09,170079974,sz000558,695627093.66
2025-04-07,3.88,4.12,3.68,3.75,172943386,sz000558,648537697.5
2025-04-08,3.76,4.02,3.75,3.99,176959952,sz000558,706070208.48
2025-04-09,3.88,3.99,3.6,3.96,164989898,sz000558,653359996.08
2025-04-10,4.0,4.35,3.96,4.15,207300532,sz000558,860297207.8000001
2025-04-11,4.1,4.24,4.01,4.04,146293538,sz000558,591025893.52
2025-04-14,4.17,4.44,4.17,4.44,126930863,sz000558,563573031.72
2025-04-15,4.62,4.64,4.32,4.39,253876306,sz000558,1114516983.34
2025-04-16,4.33,4.7,4.27,4.69,229452672,sz000558,1076133031.68
2025-04-17,4.62,4.9,4.49,4.64,207591855,sz000558,963226207.1999999
2025-04-18,4.6,4.6,4.18,4.24,180175700,sz000558,763944968.0
2025-04-21,4.16,4.28,4.06,4.27,110082252,sz000558,470051216.03999996
2025-04-22,4.25,4.25,3.93,4.05,148047765,sz000558,599593448.25
2025-04-23,4.03,4.07,3.88,3.9,100418560,sz000558,391632384.0
2025-04-24,3.9,3.98,3.86,3.89,72076610,sz000558,280378012.90000004
2025-04-25,4.01,4.28,4.01,4.28,116641300,sz000558,499224764.0
2025-04-28,4.24,4.35,4.02,4.03,157095110,sz000558,633093293.3000001
2025-04-29,4.11,4.2,4.03,4.05,91436704,sz000558,370318651.2
2025-04-30,4.04,4.13,3.92,4.0,94360209,sz000558,377440836.0
2025-05-06,4.0,4.03,3.86,4.01,99816041,sz000558,400262324.40999997
2025-05-07,4.03,4.13,3.9,3.94,85792300,sz000558,338021662.0
2025-05-08,3.91,3.94,3.86,3.91,57059782,sz000558,223103747.62
2025-05-09,3.9,3.94,3.84,3.84,54552700,sz000558,209482368.0
2025-05-12,3.86,3.88,3.78,3.86,52857055,sz000558,204028232.29999998
2025-05-13,3.87,3.9,3.83,3.9,56329923,sz000558,219686699.7
2025-05-14,3.88,3.94,3.84,3.9,56351523,sz000558,219770939.7
2025-05-15,3.88,4.01,3.88,3.93,64235202,sz000558,252444343.86
2025-05-16,3.94,4.15,3.89,4.13,120102409,sz000558,496022949.17
2025-05-19,4.07,4.18,4.04,4.11,82988150,sz000558,341081296.5
2025-05-20,4.14,4.21,4.11,4.12,88775953,sz000558,365756926.36
2025-05-21,4.11,4.15,4.04,4.13,76401353,sz000558,315537587.89
2025-05-22,4.1,4.19,3.96,3.97,66635750,sz000558,264543927.5
2025-05-23,3.95,3.98,3.88,3.88,47463700,sz000558,184159156.0
2025-05-26,3.88,4.04,3.88,4.01,57213700,sz000558,229426937.0
2025-05-27,4.01,4.01,3.96,3.97,32896011,sz000558,130597163.67
2025-05-28,3.97,3.97,3.89,3.9,35050800,sz000558,136698120.0
2025-05-29,3.92,3.97,3.88,3.96,33154100,sz000558,131290236.0
2025-05-30,3.94,3.99,3.9,3.91,40133074,sz000558,156920319.34
2025-06-03,3.86,4.05,3.86,4.02,66001076,sz000558,265324325.51999998
2025-06-04,4.02,4.23,3.99,4.17,106007801,sz000558,442052530.17
2025-06-05,4.15,4.3,4.13,4.18,112139900,sz000558,468744781.99999994
2025-06-06,4.19,4.6,4.06,4.41,219419506,sz000558,967640021.46
2025-06-09,4.34,4.83,4.33,4.64,224610933,sz000558,1042194729.1199999
2025-06-10,4.53,4.6,4.39,4.44,158434226,sz000558,703447963.44
2025-06-11,4.52,4.78,4.46,4.66,181339678,sz000558,845042899.48
2025-06-12,4.59,4.68,4.52,4.54,107075352,sz000558,486122098.08
2025-06-13,4.79,4.99,4.71,4.87,292495746,sz000558,1424454283.02
2025-06-16,4.75,4.89,4.67,4.69,178584950,sz000558,837563415.5000001
2025-06-17,4.66,4.7,4.47,4.5,129236350,sz000558,581563575.0
2025-06-18,4.52,4.8,4.49,4.6,145423874,sz000558,668949820.4
2025-06-19,4.58,4.65,4.46,4.51,93174650,sz000558,420217671.5
2025-06-20,4.46,4.51,4.32,4.39,98940253,sz000558,434347710.66999996
2025-06-23,4.25,4.33,4.23,4.32,72720511,sz000558,314152607.52000004
2025-06-24,4.34,4.44,4.34,4.39,62289667,sz000558,273451638.13
2025-06-25,4.43,4.47,4.38,4.45,67146750,sz000558,298803037.5
2025-06-26,4.42,4.59,4.35,4.58,123397208,sz000558,565159212.64
2025-06-27,4.51,4.53,4.45,4.48,70456250,sz000558,315644000.00000006
2025-06-30,4.42,4.55,4.38,4.48,73162700,sz000558,327768896.00000006
2025-07-01,4.47,4.52,4.41,4.44,52668850,sz000558,233849694.00000003
2025-07-02,4.42,4.7,4.39,4.54,116449275,sz000558,528679708.5
2025-07-03,4.53,4.84,4.52,4.73,132438651,sz000558,626434819.23
2025-07-04,4.67,4.8,4.65,4.66,99848106,sz000558,465292173.96000004
2025-07-07,4.64,4.83,4.62,4.72,73191250,sz000558,345462700.0
2025-07-08,4.71,4.79,4.65,4.75,78749645,sz000558,374060813.75
2025-07-09,4.73,4.88,4.67,4.78,109610496,sz000558,523938170.88000005
2025-07-10,4.86,5.03,4.71,4.72,126349503,sz000558,596369654.16
2025-07-11,4.78,4.82,4.63,4.73,90786250,sz000558,429418962.50000006
2025-07-14,4.7,4.77,4.64,4.66,58259100,sz000558,271487406.0
2025-07-15,4.67,4.67,4.54,4.58,55937950,sz000558,256195811.0
2025-07-16,4.58,4.66,4.56,4.61,46692800,sz000558,215253808.00000003
2025-07-17,4.63,4.77,4.6,4.7,77491181,sz000558,364208550.7
2025-07-18,4.7,4.71,4.63,4.68,47915755,sz000558,224245733.39999998
2025-07-21,4.69,4.81,4.66,4.77,67699531,sz000558,322926762.86999995
2025-07-22,4.75,4.86,4.71,4.79,74854450,sz000558,358552815.5
2025-07-23,4.78,4.93,4.71,4.75,79361101,sz000558,376965229.75
2025-07-24,4.74,4.88,4.72,4.88,91638202,sz000558,447194425.76
2025-07-25,4.95,5.37,4.86,5.19,236266728,sz000558,1226224318.3200002
2025-07-28,5.35,5.71,5.35,5.71,208349960,sz000558,1189678271.6
2025-07-29,5.71,6.14,5.5,5.99,305554442,sz000558,1830271107.5800002
2025-07-30,5.98,6.59,5.88,6.59,278908929,sz000558,1838009842.11
2025-07-31,6.69,7.24,6.52,6.7,357746880,sz000558,2396904096.0
2025-08-01,6.54,7.37,6.54,7.37,327065568,sz000558,2410473236.16
2025-08-04,7.67,7.91,6.99,7.03,364177424,sz000558,2560167290.7200003
2025-08-05,7.05,7.4,6.75,7.32,310629045,sz000558,2273804609.4
2025-08-06,7.15,7.33,6.59,6.62,329393717,sz000558,2180586406.54
2025-08-07,6.3,6.31,5.96,5.96,229286339,sz000558,1366546580.44
2025-08-08,5.85,6.19,5.73,5.98,227171086,sz000558,1358483094.2800002
2025-08-11,5.82,5.9,5.65,5.72,217857735,sz000558,1246146244.2
2025-08-12,5.71,5.73,5.55,5.6,190411953,sz000558,1066306936.8
2025-08-13,5.67,5.72,5.6,5.72,158444599,sz000558,906303106.28
2025-08-14,5.68,6.06,5.66,5.93,272725155,sz000558,1617260169.1499999
2025-08-15,5.81,5.88,5.6,5.82,173749807,sz000558,1011223876.74
2025-08-18,5.81,5.95,5.77,5.89,163481965,sz000558,962908773.8499999
2025-08-19,5.9,6.01,5.84,5.87,158910911,sz000558,932807047.57
2025-08-20,5.85,5.92,5.75,5.87,117953684,sz000558,692388125.08
2025-08-21,5.82,5.89,5.75,5.77,101842402,sz000558,587630659.54
2025-08-22,5.74,5.78,5.68,5.78,78267734,sz000558,452387502.52000004
2025-08-25,5.81,5.83,5.71,5.78,89218144,sz000558,515680872.32
2025-08-26,5.8,5.91,5.74,5.89,140973616,sz000558,830334598.24
2025-08-27,5.88,6.18,5.81,6.07,229026813,sz000558,1390192754.91
2025-08-28,6.05,6.6,5.94,6.42,281503453,sz000558,1807252168.26
2025-08-29,6.39,6.77,6.29,6.3,241892494,sz000558,1523922712.2
2025-09-01,6.21,6.7,6.18,6.69,225983248,sz000558,1511827929.1200001
2025-09-02,6.7,6.95,6.46,6.57,230805198,sz000558,1516390150.8600001
2025-09-03,6.47,6.64,6.24,6.26,166037025,sz000558,1039391776.5
2025-09-04,6.26,6.73,6.15,6.57,229271062,sz000558,1506310877.3400002
2025-09-05,6.89,6.89,6.31,6.71,238958157,sz000558,1603409233.47
2025-09-08,6.7,7.08,6.63,6.92,225464631,sz000558,1560215246.52
2025-09-09,6.8,6.81,6.56,6.62,161723500,sz000558,1070609570.0
2025-09-10,6.53,7.28,6.45,7.28,291972795,sz000558,2125561947.6000001
2025-09-11,7.3,7.57,7.0,7.08,304100540,sz000558,2153031823.2
2025-09-12,7.15,7.34,7.04,7.14,234788901,sz000558,1676392753.1399999
2025-09-15,7.01,7.21,6.91,7.07,160798663,sz000558,1136846547.41
2025-09-16,7.19,7.45,7.12,7.22,184276376,sz000558,1330475434.72
2025-09-17,7.37,7.48,7.02,7.11,176497464,sz000558,1254896969.04
2025-09-18,7.07,7.22,6.9,7.11,184812607,sz000558,1314017635.77
2025-09-19,7.05,7.11,6.67,6.84,162867299,sz000558,1114012325.16
2025-09-22,6.7,6.7,6.16,6.18,189353650,sz000558,1170205557.0
2025-09-23,6.0,6.05,5.65,5.79,157501930,sz000558,911936174.7
2025-09-24,5.69,5.85,5.57,5.74,97432900,sz000558,559264846.0
2025-09-25,5.74,6.14,5.58,6.03,159118474,sz000558,959484398.22
2025-09-26,5.9,5.94,5.72,5.73,86686296,sz000558,496712476.08000004
2025-09-29,5.64,5.9,5.53,5.73,84369274,sz000558,483435940.02000004
2025-09-30,5.7,5.77,5.63,5.65,59321004,sz000558,335163672.6
2025-10-09,5.58,5.59,5.27,5.28,101552473,sz000558,536197057.44
2025-10-10,5.25,5.4,5.23,5.29,55276115,sz000558,292410648.35
2025-10-13,5.01,5.18,5.01,5.17,51600684,sz000558,266775536.28
2025-10-14,5.27,5.3,5.17,5.2,57787659,sz000558,300495826.8
2025-10-15,5.17,5.36,5.15,5.34,64225485,sz000558,342964089.9
2025-10-16,5.29,5.38,5.21,5.23,48193182,sz000558,252050341.86
2025-10-17,5.24,5.28,5.16,5.16,42355917,sz000558,218556531.72
2025-10-20,5.2,5.43,5.17,5.39,77190048,sz000558,416054358.71999997
2025-10-21,5.4,5.48,5.31,5.47,58882828,sz000558,322089069.15999997
2025-10-22,5.46,5.49,5.37,5.41,43371600,sz000558,234640356.0
2025-10-23,5.38,5.48,5.31,5.47,54556101,sz000558,298421872.46999997
2025-10-24,5.45,5.48,5.3,5.31,60846301,sz000558,323093858.31
2025-10-27,5.31,5.37,5.28,5.33,39524700,sz000558,210666651.0
2025-10-28,5.34,5.42,5.31,5.38,38095920,sz000558,204956049.6
2025-10-29,5.26,5.27,5.12,5.23,51429701,sz000558,268977336.23
2025-10-30,5.23,5.26,5.07,5.08,54653550,sz000558,277640034.0
2025-10-31,5.05,5.19,5.05,5.18,41876650,sz000558,216921047.0
2025-11-03,5.18,5.28,5.17,5.27,38529804,sz000558,203052067.07999998
2025-11-04,5.26,5.47,5.22,5.4,94496700,sz000558,510282180.00000006
2025-11-05,5.47,5.8,5.45,5.6,161422616,sz000558,903966649.5999999
2025-11-06,5.45,5.49,5.27,5.33,102958720,sz000558,548769977.6
2025-11-07,5.32,5.42,5.28,5.33,50757017,sz000558,270534900.61
2025-11-10,5.31,5.48,5.22,5.43,66706950,sz000558,362218738.5
2025-11-11,5.38,5.41,5.33,5.41,49049639,sz000558,265358546.99
2025-11-12,5.39,5.43,5.27,5.29,43286423,sz000558,228985177.67
2025-11-13,5.27,5.41,5.23,5.39,49419510,sz000558,266371158.89999998
2025-11-14,5.37,5.58,5.36,5.4,67747859,sz000558,365838438.6
2025-11-17,5.49,5.65,5.41,5.62,102886140,sz000558,578220106.8
2025-11-18,5.57,5.66,5.52,5.61,79917506,sz000558,448337208.66
2025-11-19,5.59,5.78,5.51,5.72,104960595,sz000558,600374603.4
2025-11-20,5.66,5.69,5.48,5.5,75110918,sz000558,413110049.0
2025-11-21,5.4,5.54,5.26,5.27,60677203,sz000558,319768859.81
2025-11-24,5.34,5.56,5.34,5.51,84456866,sz000558,465357331.65999997
2025-11-25,5.61,6.06,5.47,5.89,233054524,sz000558,1372691146.36
2025-11-26,5.87,5.97,5.67,5.8,153791750,sz000558,891992150.0
2025-11-27,5.86,6.0,5.75,5.83,148294330,sz000558,864555943.9
2025-11-28,5.84,5.99,5.82,5.91,112149786,sz000558,662805235.26
2025-12-01,6.0,6.18,5.92,6.05,149667845,sz000558,905490462.25
2025-12-02,5.94,5.98,5.82,5.84,100366086,sz000558,586137942.24
2025-12-03,5.79,5.94,5.68,5.84,86446582,sz000558,504848038.88
2025-12-04,5.84,5.84,5.61,5.65,67824675,sz000558,383209413.75
2025-12-05,5.59,5.66,5.42,5.49,84349530,sz000558,463078919.70000005
2025-12-08,5.5,5.59,5.46,5.53,58210940,sz000558,321906498.2
2025-12-09,5.5,5.58,5.35,5.39,68771065,sz000558,370676040.34999996
2025-12-10,5.38,5.45,5.33,5.41,48208548,sz000558,260808244.68
2025-12-11,5.38,5.39,5.19,5.21,61084687,sz000558,318251219.27
2025-12-12,5.19,5.32,5.14,5.29,57377526,sz000558,303527112.54
2025-12-15,5.29,5.44,5.23,5.26,42159239,sz000558,221757597.14
2025-12-16,5.23,5.35,5.18,5.21,37794800,sz000558,196910908.0
2025-12-17,5.19,5.36,5.19,5.29,54352254,sz000558,287523423.66
2025-12-18,5.25,5.44,5.22,5.36,62139890,sz000558,333069810.40000004
2025-12-19,5.37,5.46,5.26,5.45,65909759,sz000558,359208186.55
2025-12-22,5.44,5.44,5.32,5.34,47799350,sz000558,255248529.0
2025-12-23,5.31,5.32,5.19,5.21,51116428,sz000558,266316589.88
2025-12-24,5.19,5.24,5.16,5.22,28482849,sz000558,148680471.78
2025-12-25,5.2,5.23,5.18,5.21,27903600,sz000558,145377756.0
2025-12-26,5.21,5.24,5.17,5.22,35654724,sz000558,186117659.28
2025-12-29,5.2,5.21,5.14,5.16,30594300,sz000558,157866588.0
2025-12-30,5.14,5.16,5.08,5.12,26908662,sz000558,137772349.44
2025-12-31,5.13,5.17,5.1,5.15,23534399,sz000558,121202154.85000001
2026-01-05,5.15,5.15,5.06,5.13,30733390,sz000558,157662290.7
2026-01-06,5.12,5.18,5.11,5.16,35030639,sz000558,180758097.24
2026-01-07,5.14,5.23,5.13,5.2,38358266,sz000558,199462983.20000002
2026-01-08,5.18,5.21,5.13,5.19,28822755,sz000558,149590098.45000002
2026-01-09,5.17,5.27,5.16,5.25,52024668,sz000558,273129507.0
2026-01-12,5.29,5.31,5.22,5.31,54089793,sz000558,287216800.83
2026-01-13,5.29,5.33,5.16,5.18,49174226,sz000558,254722490.67999998
2026-01-14,5.17,5.39,5.16,5.36,89665135,sz000558,480605123.6
2026-01-15,5.37,5.5,5.33,5.41,98474572,sz000558,532747434.52000004
2026-01-16,5.35,5.36,5.21,5.21,57472522,sz000558,299431839.62
2026-01-19,5.2,5.31,5.18,5.28,34669226,sz000558,183053513.28
2026-01-20,5.23,5.3,5.23,5.24,33804040,sz000558,177133169.6
2026-01-21,5.29,5.41,5.27,5.35,60428201,sz000558,323290875.34999996
2026-01-22,5.32,5.34,5.25,5.3,40319056,sz000558,213690996.79999998
2026-01-23,5.28,5.31,5.26,5.29,31806698,sz000558,168257432.42
2026-01-26,5.27,5.28,5.16,5.18,42328792,sz000558,219263142.56
2026-01-27,5.22,5.3,5.1,5.3,45217010,sz000558,239650153.0
2026-01-28,5.29,5.33,5.22,5.24,29832850,sz000558,156324134.0
2026-01-29,5.2,5.32,5.15,5.26,38806171,sz000558,204120459.45999998
2026-01-30,5.29,5.44,5.28,5.33,66769540,sz000558,355881648.2
2026-02-02,5.34,5.53,5.25,5.4,81066401,sz000558,437758565.40000004
2026-02-03,5.38,5.51,5.32,5.48,68039869,sz000558,372858482.12
2026-02-04,5.46,5.5,5.41,5.47,46327050,sz000558,253408963.5
2026-02-05,5.48,5.59,5.45,5.53,63527715,sz000558,351308263.95
2026-02-06,5.46,5.48,5.27,5.3,62493250,sz000558,331214225.0
2026-02-09,5.34,5.48,5.33,5.43,55234964,sz000558,299925854.52
2026-02-10,5.44,5.61,5.4,5.57,80714382,sz000558,449579107.74
2026-02-11,5.53,5.54,5.36,5.38,63096671,sz000558,339460089.98
2026-02-12,5.37,5.37,5.2,5.2,59231219,sz000558,308002338.8
2026-02-13,5.2,5.26,5.18,5.2,23068329,sz000558,119955310.8
2026-02-24,5.25,5.27,5.12,5.14,33684109,sz000558,173136320.26
2026-02-25,5.15,5.17,5.14,5.16,23077264,sz000558,119078682.24000001
2026-02-26,5.16,5.16,5.06,5.07,36446950,sz000558,184786036.5
2026-02-27,5.07,5.11,5.06,5.09,20170573,sz000558,102668216.57
2026-03-02,5.03,5.03,4.83,4.83,48830097,sz000558,235849368.51
2026-03-03,4.81,4.86,4.72,4.73,36961843,sz000558,174829517.39000002
2026-03-04,4.65,4.68,4.55,4.57,40887710,sz000558,186856834.70000002
2026-03-05,4.65,4.75,4.62,4.68,34654774,sz000558,162184342.32
2026-03-06,4.65,4.77,4.63,4.76,26278394,sz000558,125085155.44
2026-03-09,4.67,4.74,4.63,4.7,24147929,sz000558,113495266.3
2026-03-10,4.75,4.82,4.74,4.8,24351774,sz000558,116888515.2
2026-03-11,4.8,4.81,4.71,4.76,21681937,sz000558,103206020.11999999
2026-03-12,4.84,4.85,4.75,4.78,22632930,sz000558,108185405.4
2026-03-13,4.76,4.85,4.74,4.75,26771741,sz000558,127165769.75
2026-03-16,4.77,4.8,4.73,4.79,16687950,sz000558,79935280.5
2026-03-17,4.8,4.84,4.72,4.75,18463570,sz000558,87701957.5
2026-03-18,4.72,4.74,4.63,4.7,20596600,sz000558,96804020.0
2026-03-19,4.65,4.69,4.54,4.57,22331612,sz000558,102055466.84
2026-03-20,4.59,4.63,4.5,4.52,26622154,sz000558,120332136.07999998
2026-03-23,4.4,4.43,4.2,4.22,37296980,sz000558,157393255.6
2026-03-24,4.33,4.45,4.25,4.44,40832100,sz000558,181294524.00000003
2026-03-25,4.43,4.6,4.43,4.59,31018053,sz000558,142372863.26999998
2026-03-26,4.58,4.64,4.52,4.54,24995400,sz000558,113479116.0
2026-03-27,4.45,4.62,4.4,4.6,19919250,sz000558,91628550.0
2026-03-30,4.55,4.6,4.48,4.57,17719349,sz000558,80977424.93
2026-03-31,4.55,4.73,4.55,4.62,37632865,sz000558,173863836.3
2026-04-01,4.65,4.67,4.51,4.63,29313147,sz000558,135719870.60999998
2026-04-02,4.59,4.6,4.49,4.52,19282896,sz000558,87158689.91999999
2026-04-03,4.56,4.56,4.34,4.35,20968800,sz000558,91214280.0
2026-04-07,4.38,4.51,4.36,4.5,24943705,sz000558,112246672.5
2026-04-08,4.55,4.65,4.55,4.64,24466041,sz000558,113522430.24
2026-04-09,4.6,4.62,4.47,4.49,26887950,sz000558,120726895.5
2026-04-10,4.49,4.56,4.48,4.48,21653950,sz000558,97009696.00000001
2026-04-13,4.44,4.5,4.41,4.48,17402209,sz000558,77961896.32000001
2026-04-14,4.52,4.55,4.42,4.48,22654800,sz000558,101493504.00000001
2026-04-15,4.49,4.51,4.43,4.45,25759920,sz000558,114631644.0
2026-04-16,4.43,4.59,4.42,4.58,44932737,sz000558,205791935.46
2026-04-17,4.58,4.58,4.43,4.47,40590546,sz000558,181439740.62
2026-04-20,4.47,4.57,4.36,4.55,37015850,sz000558,168422117.5
2026-04-21,4.55,4.62,4.45,4.48,32858511,sz000558,147206129.28
2026-04-22,4.46,4.47,4.4,4.41,24006974,sz000558,105870755.34
2026-04-23,4.35,4.39,4.25,4.28,39272315,sz000558,168085508.20000002
2026-04-24,4.25,4.29,4.15,4.2,29428756,sz000558,123600775.2
2026-04-27,4.18,4.26,4.08,4.26,35624093,sz000558,151758636.18
2026-04-28,4.22,4.25,4.08,4.11,33819300,sz000558,138997323.0
2026-04-29,4.11,4.21,4.08,4.17,30723090,sz000558,128115285.3
2026-04-30,4.17,4.29,4.15,4.25,38613950,sz000558,164109287.5
2026-05-06,4.21,4.24,4.1,4.12,43867129,sz000558,180732571.48000002
2026-05-07,4.13,4.29,4.12,4.14,31297287,sz000558,129570768.17999999
2026-05-08,4.13,4.21,4.09,4.19,31205847,sz000558,130752498.93
2026-05-11,4.2,4.21,4.1,4.12,33748897,sz000558,139045455.64000002
2026-05-12,4.14,4.14,4.04,4.05,27253398,sz000558,110376261.89999999
2026-05-13,4.03,4.04,3.94,4.01,30199797,sz000558,121101185.97
2026-05-14,4.02,4.04,3.9,3.9,29471786,sz000558,114939965.39999999
2026-05-15,3.9,3.97,3.89,3.9,24357444,sz000558,94994031.6
2026-05-18,3.87,3.9,3.83,3.86,22926843,sz000558,88497613.98
2026-05-19,3.86,3.9,3.79,3.85,21760050,sz000558,83776192.5
2026-05-20,3.85,3.85,3.75,3.78,24345600,sz000558,92026368.0
2026-05-21,3.79,3.85,3.69,3.71,28060783,sz000558,104105504.92999999
2026-05-22,3.75,3.77,3.67,3.75,21933600,sz000558,82251000.0
2026-05-25,3.79,3.79,3.69,3.75,16987527,sz000558,63703226.25
2026-05-26,3.74,3.79,3.69,3.73,26963788,sz000558,100574929.24
