validation_num_trades,validation_net_return,validation_gross_return_mean,validation_win_rate,validation_total_cost,validation_cost_to_initial_cash,validation_avg_target_weight,full_num_trades,full_net_return,full_gross_return_mean,full_win_rate,full_total_cost,full_cost_to_initial_cash,full_avg_target_weight,full_stop_loss_rate,attention_lookback,momentum_lookback,entry_days_before_event,exit_days_before_event,top_k,stop_loss,stop_vol_multiplier,max_effective_stop_loss,min_exposure_for_trade,min_event_fit_for_trade,rankic_prior_weight,attention_z_cap,selection_score
3.0,0.02301614080000001,0.07262776974216645,1.0,1112.8591999999999,0.0011128592,0.10158160802740261,6.0,0.11039693750000001,0.1826389140833972,1.0,2530.0625,0.0025300625,0.1048887843355819,0.0,20,20,60,10,3,0.08,5.0,0.12,0.45,0.7,0.55,1.0,0.05294169547
3.0,0.02301614080000001,0.07262776974216645,1.0,1112.8591999999999,0.0011128592,0.10158160802740261,6.0,0.11039693750000001,0.1826389140833972,1.0,2530.0625,0.0025300625,0.1048887843355819,0.0,20,20,60,10,3,0.08,5.0,0.12,0.5,0.7,0.55,1.0,0.05294169547
3.0,0.02301614080000001,0.07262776974216645,1.0,1112.8591999999999,0.0011128592,0.10158160802740261,6.0,0.11039693750000001,0.1826389140833972,1.0,2530.0625,0.0025300625,0.1048887843355819,0.0,20,20,60,10,3,0.1,4.0,0.12,0.45,0.7,0.55,1.0,0.05294169547
3.0,0.02301614080000001,0.07262776974216645,1.0,1112.8591999999999,0.0011128592,0.10158160802740261,6.0,0.11039693750000001,0.1826389140833972,1.0,2530.0625,0.0025300625,0.1048887843355819,0.0,20,20,60,10,3,0.1,4.0,0.12,0.5,0.7,0.55,1.0,0.05294169547
3.0,0.02301614080000001,0.07262776974216645,1.0,1112.8591999999999,0.0011128592,0.10158160802740261,6.0,0.11039693750000001,0.1826389140833972,1.0,2530.0625,0.0025300625,0.1048887843355819,0.0,20,20,60,10,3,0.1,5.0,0.12,0.45,0.7,0.55,1.0,0.05294169547
3.0,0.02301614080000001,0.07262776974216645,1.0,1112.8591999999999,0.0011128592,0.10158160802740261,6.0,0.11039693750000001,0.1826389140833972,1.0,2530.0625,0.0025300625,0.1048887843355819,0.0,20,20,60,10,3,0.1,5.0,0.12,0.5,0.7,0.55,1.0,0.05294169547
3.0,0.02301614080000001,0.07262776974216645,1.0,1112.8591999999999,0.0011128592,0.10158160802740261,6.0,0.11039693750000001,0.1826389140833972,1.0,2530.0625,0.0025300625,0.1048887843355819,0.0,20,20,60,10,5,0.08,5.0,0.12,0.5,0.7,0.55,1.0,0.05294169547
3.0,0.02301614080000001,0.07262776974216645,1.0,1112.8591999999999,0.0011128592,0.10158160802740261,6.0,0.11039693750000001,0.1826389140833972,1.0,2530.0625,0.0025300625,0.1048887843355819,0.0,20,20,60,10,5,0.1,4.0,0.12,0.5,0.7,0.55,1.0,0.05294169547
3.0,0.02301614080000001,0.07262776974216645,1.0,1112.8591999999999,0.0011128592,0.10158160802740261,6.0,0.11039693750000001,0.1826389140833972,1.0,2530.0625,0.0025300625,0.1048887843355819,0.0,20,20,60,10,5,0.1,5.0,0.12,0.5,0.7,0.55,1.0,0.05294169547
3.0,0.024191988100000013,0.07262776974216645,1.0,1324.0119,0.0013240119,0.11499669443934858,6.0,0.10678593250000001,0.1826389140833972,1.0,2549.0675,0.0025490675,0.10590988697960661,0.0,10,20,60,10,3,0.08,5.0,0.12,0.45,0.7,0.55,1.0,0.05238650554000001
3.0,0.024191988100000013,0.07262776974216645,1.0,1324.0119,0.0013240119,0.11499669443934858,6.0,0.10678593250000001,0.1826389140833972,1.0,2549.0675,0.0025490675,0.10590988697960661,0.0,10,20,60,10,3,0.08,5.0,0.12,0.5,0.7,0.55,1.0,0.05238650554000001
3.0,0.024191988100000013,0.07262776974216645,1.0,1324.0119,0.0013240119,0.11499669443934858,6.0,0.10678593250000001,0.1826389140833972,1.0,2549.0675,0.0025490675,0.10590988697960661,0.0,10,20,60,10,3,0.1,4.0,0.12,0.45,0.7,0.55,1.0,0.05238650554000001
3.0,0.024191988100000013,0.07262776974216645,1.0,1324.0119,0.0013240119,0.11499669443934858,6.0,0.10678593250000001,0.1826389140833972,1.0,2549.0675,0.0025490675,0.10590988697960661,0.0,10,20,60,10,3,0.1,4.0,0.12,0.5,0.7,0.55,1.0,0.05238650554000001
3.0,0.024191988100000013,0.07262776974216645,1.0,1324.0119,0.0013240119,0.11499669443934858,6.0,0.10678593250000001,0.1826389140833972,1.0,2549.0675,0.0025490675,0.10590988697960661,0.0,10,20,60,10,3,0.1,5.0,0.12,0.45,0.7,0.55,1.0,0.05238650554000001
3.0,0.024191988100000013,0.07262776974216645,1.0,1324.0119,0.0013240119,0.11499669443934858,6.0,0.10678593250000001,0.1826389140833972,1.0,2549.0675,0.0025490675,0.10590988697960661,0.0,10,20,60,10,3,0.1,5.0,0.12,0.5,0.7,0.55,1.0,0.05238650554000001
3.0,0.024191988100000013,0.07262776974216645,1.0,1324.0119,0.0013240119,0.11499669443934858,6.0,0.10678593250000001,0.1826389140833972,1.0,2549.0675,0.0025490675,0.10590988697960661,0.0,10,20,60,10,5,0.08,5.0,0.12,0.5,0.7,0.55,1.0,0.05238650554000001
3.0,0.024191988100000013,0.07262776974216645,1.0,1324.0119,0.0013240119,0.11499669443934858,6.0,0.10678593250000001,0.1826389140833972,1.0,2549.0675,0.0025490675,0.10590988697960661,0.0,10,20,60,10,5,0.1,4.0,0.12,0.5,0.7,0.55,1.0,0.05238650554000001
3.0,0.024191988100000013,0.07262776974216645,1.0,1324.0119,0.0013240119,0.11499669443934858,6.0,0.10678593250000001,0.1826389140833972,1.0,2549.0675,0.0025490675,0.10590988697960661,0.0,10,20,60,10,5,0.1,5.0,0.12,0.5,0.7,0.55,1.0,0.05238650554000001
4.0,0.019210626718636742,0.024673678536968446,0.75,1218.708739282173,0.001218708739282173,0.08236832986952052,8.0,0.11082835082043936,0.14134290625968693,0.875,2884.4200271188956,0.0028844200271188956,0.08600095926348572,0.125,20,20,60,10,5,0.1,4.0,0.12,0.45,0.7,0.55,1.5,0.04803948996537928
4.0,0.019186997608000016,0.024470827306624865,0.75,1218.642392,0.001218642392,0.08236832986952052,8.0,0.11082020040000001,0.14124148064451514,0.875,2884.3995999999997,0.0028843996,0.08600095926348572,0.125,20,20,60,10,5,0.08,5.0,0.12,0.45,0.7,0.55,1.5,0.04802129804720001
4.0,0.019186997608000016,0.024470827306624865,0.75,1218.642392,0.001218642392,0.08236832986952052,8.0,0.11082020040000001,0.14124148064451514,0.875,2884.3995999999997,0.0028843996,0.08600095926348572,0.125,20,20,60,10,5,0.1,5.0,0.12,0.45,0.7,0.55,1.5,0.04802129804720001
4.0,0.019210626718636742,0.024673678536968446,0.75,1218.708739282173,0.001218708739282173,0.08251231283969272,8.0,0.11043142152043936,0.14134290625968693,0.875,2816.3493271188954,0.0028163493271188954,0.08469189852453052,0.125,20,20,60,10,5,0.1,4.0,0.12,0.45,0.7,0.55,1.0,0.04791077531537928
4.0,0.019186997608000016,0.024470827306624865,0.75,1218.642392,0.001218642392,0.08251231283969272,8.0,0.11042327110000001,0.14124148064451514,0.875,2816.3289,0.0028163288999999998,0.08469189852453052,0.125,20,20,60,10,5,0.08,5.0,0.12,0.45,0.7,0.55,1.0,0.04789258339720001
4.0,0.019186997608000016,0.024470827306624865,0.75,1218.642392,0.001218642392,0.08251231283969272,8.0,0.11042327110000001,0.14124148064451514,0.875,2816.3289,0.0028163288999999998,0.08469189852453052,0.125,20,20,60,10,5,0.1,5.0,0.12,0.45,0.7,0.55,1.0,0.04789258339720001
4.0,0.016010615494843904,0.024673678536968446,0.75,1445.2158277031317,0.0014452158277031316,0.09237224549864842,8.0,0.1071435634,0.14919019859323307,0.875,2857.4366,0.0028574366,0.08626748980696472,0.0,10,20,60,10,5,0.1,4.0,0.12,0.45,0.7,0.55,1.5,0.04711722781472275
4.0,0.015969060852000005,0.024470827306624865,0.75,1445.099148,0.001445099148,0.09237224549864842,8.0,0.1071435634,0.14919019859323307,0.875,2857.4366,0.0028574366,0.08626748980696472,0.0,10,20,60,10,5,0.08,5.0,0.12,0.45,0.7,0.55,1.5,0.0470902464668
4.0,0.015969060852000005,0.024470827306624865,0.75,1445.099148,0.001445099148,0.09237224549864842,8.0,0.1071435634,0.14919019859323307,0.875,2857.4366,0.0028574366,0.08626748980696472,0.0,10,20,60,10,5,0.1,5.0,0.12,0.45,0.7,0.55,1.5,0.0470902464668
4.0,0.016010615494843904,0.024673678536968446,0.75,1445.2158277031317,0.0014452158277031316,0.09237224549864842,8.0,0.10695236250000002,0.14919019859323307,0.875,2833.6375,0.0028336374999999997,0.08580294604161164,0.0,10,20,60,10,5,0.1,4.0,0.12,0.45,0.7,0.55,1.0,0.04705387736472276
4.0,0.015969060852000005,0.024470827306624865,0.75,1445.099148,0.001445099148,0.09237224549864842,8.0,0.10695236250000002,0.14919019859323307,0.875,2833.6375,0.0028336374999999997,0.08580294604161164,0.0,10,20,60,10,5,0.08,5.0,0.12,0.45,0.7,0.55,1.0,0.047026896016800004
4.0,0.015969060852000005,0.024470827306624865,0.75,1445.099148,0.001445099148,0.09237224549864842,8.0,0.10695236250000002,0.14919019859323307,0.875,2833.6375,0.0028336374999999997,0.08580294604161164,0.0,10,20,60,10,5,0.1,5.0,0.12,0.45,0.7,0.55,1.0,0.047026896016800004
3.0,0.02301614080000001,0.07262776974216645,1.0,1112.8591999999999,0.0011128592,0.10143238669693876,6.0,0.09326494730000001,0.1469960073418581,1.0,2580.0526999999997,0.0025800526999999996,0.10747076309140426,0.0,20,20,60,10,3,0.08,4.0,0.12,0.45,0.7,0.55,1.5,0.04693800037000001
3.0,0.02301614080000001,0.07262776974216645,1.0,1112.8591999999999,0.0011128592,0.10143238669693876,6.0,0.09326494730000001,0.1469960073418581,1.0,2580.0526999999997,0.0025800526999999996,0.10747076309140426,0.0,20,20,60,10,3,0.08,4.0,0.12,0.5,0.7,0.55,1.5,0.04693800037000001
3.0,0.02301614080000001,0.07262776974216645,1.0,1112.8591999999999,0.0011128592,0.10143238669693876,6.0,0.09326494730000001,0.1469960073418581,1.0,2580.0526999999997,0.0025800526999999996,0.10747076309140426,0.0,20,20,60,10,3,0.08,5.0,0.12,0.45,0.7,0.55,1.5,0.04693800037000001
3.0,0.02301614080000001,0.07262776974216645,1.0,1112.8591999999999,0.0011128592,0.10143238669693876,6.0,0.09326494730000001,0.1469960073418581,1.0,2580.0526999999997,0.0025800526999999996,0.10747076309140426,0.0,20,20,60,10,3,0.08,5.0,0.12,0.5,0.7,0.55,1.5,0.04693800037000001
3.0,0.02301614080000001,0.07262776974216645,1.0,1112.8591999999999,0.0011128592,0.10143238669693876,6.0,0.09326494730000001,0.1469960073418581,1.0,2580.0526999999997,0.0025800526999999996,0.10747076309140426,0.0,20,20,60,10,3,0.1,4.0,0.12,0.45,0.7,0.55,1.5,0.04693800037000001
3.0,0.02301614080000001,0.07262776974216645,1.0,1112.8591999999999,0.0011128592,0.10143238669693876,6.0,0.09326494730000001,0.1469960073418581,1.0,2580.0526999999997,0.0025800526999999996,0.10747076309140426,0.0,20,20,60,10,3,0.1,4.0,0.12,0.5,0.7,0.55,1.5,0.04693800037000001
3.0,0.02301614080000001,0.07262776974216645,1.0,1112.8591999999999,0.0011128592,0.10143238669693876,6.0,0.09326494730000001,0.1469960073418581,1.0,2580.0526999999997,0.0025800526999999996,0.10747076309140426,0.0,20,20,60,10,3,0.1,5.0,0.12,0.45,0.7,0.55,1.5,0.04693800037000001
3.0,0.02301614080000001,0.07262776974216645,1.0,1112.8591999999999,0.0011128592,0.10143238669693876,6.0,0.09326494730000001,0.1469960073418581,1.0,2580.0526999999997,0.0025800526999999996,0.10747076309140426,0.0,20,20,60,10,3,0.1,5.0,0.12,0.5,0.7,0.55,1.5,0.04693800037000001
3.0,0.02301614080000001,0.07262776974216645,1.0,1112.8591999999999,0.0011128592,0.10143238669693876,6.0,0.09326494730000001,0.1469960073418581,1.0,2580.0526999999997,0.0025800526999999996,0.10747076309140426,0.0,20,20,60,10,5,0.08,4.0,0.12,0.5,0.7,0.55,1.5,0.04693800037000001
3.0,0.02301614080000001,0.07262776974216645,1.0,1112.8591999999999,0.0011128592,0.10143238669693876,6.0,0.09326494730000001,0.1469960073418581,1.0,2580.0526999999997,0.0025800526999999996,0.10747076309140426,0.0,20,20,60,10,5,0.08,5.0,0.12,0.5,0.7,0.55,1.5,0.04693800037000001
3.0,0.02301614080000001,0.07262776974216645,1.0,1112.8591999999999,0.0011128592,0.10143238669693876,6.0,0.09326494730000001,0.1469960073418581,1.0,2580.0526999999997,0.0025800526999999996,0.10747076309140426,0.0,20,20,60,10,5,0.1,4.0,0.12,0.5,0.7,0.55,1.5,0.04693800037000001
3.0,0.02301614080000001,0.07262776974216645,1.0,1112.8591999999999,0.0011128592,0.10143238669693876,6.0,0.09326494730000001,0.1469960073418581,1.0,2580.0526999999997,0.0025800526999999996,0.10747076309140426,0.0,20,20,60,10,5,0.1,5.0,0.12,0.5,0.7,0.55,1.5,0.04693800037000001
3.0,0.024191988100000013,0.07262776974216645,1.0,1324.0119,0.0013240119,0.11499669443934858,6.0,0.09094787160000001,0.1469960073418581,1.0,2529.1284,0.0025291284,0.10653068865647482,0.0,10,20,60,10,3,0.08,4.0,0.12,0.45,0.7,0.55,1.5,0.04684617509000001
3.0,0.024191988100000013,0.07262776974216645,1.0,1324.0119,0.0013240119,0.11499669443934858,6.0,0.09094787160000001,0.1469960073418581,1.0,2529.1284,0.0025291284,0.10653068865647482,0.0,10,20,60,10,3,0.08,4.0,0.12,0.5,0.7,0.55,1.5,0.04684617509000001
3.0,0.024191988100000013,0.07262776974216645,1.0,1324.0119,0.0013240119,0.11499669443934858,6.0,0.09094787160000001,0.1469960073418581,1.0,2529.1284,0.0025291284,0.10653068865647482,0.0,10,20,60,10,3,0.08,5.0,0.12,0.45,0.7,0.55,1.5,0.04684617509000001
3.0,0.024191988100000013,0.07262776974216645,1.0,1324.0119,0.0013240119,0.11499669443934858,6.0,0.09094787160000001,0.1469960073418581,1.0,2529.1284,0.0025291284,0.10653068865647482,0.0,10,20,60,10,3,0.08,5.0,0.12,0.5,0.7,0.55,1.5,0.04684617509000001
3.0,0.024191988100000013,0.07262776974216645,1.0,1324.0119,0.0013240119,0.11499669443934858,6.0,0.09094787160000001,0.1469960073418581,1.0,2529.1284,0.0025291284,0.10653068865647482,0.0,10,20,60,10,3,0.1,4.0,0.12,0.45,0.7,0.55,1.5,0.04684617509000001
3.0,0.024191988100000013,0.07262776974216645,1.0,1324.0119,0.0013240119,0.11499669443934858,6.0,0.09094787160000001,0.1469960073418581,1.0,2529.1284,0.0025291284,0.10653068865647482,0.0,10,20,60,10,3,0.1,4.0,0.12,0.5,0.7,0.55,1.5,0.04684617509000001
3.0,0.024191988100000013,0.07262776974216645,1.0,1324.0119,0.0013240119,0.11499669443934858,6.0,0.09094787160000001,0.1469960073418581,1.0,2529.1284,0.0025291284,0.10653068865647482,0.0,10,20,60,10,3,0.1,5.0,0.12,0.45,0.7,0.55,1.5,0.04684617509000001
3.0,0.024191988100000013,0.07262776974216645,1.0,1324.0119,0.0013240119,0.11499669443934858,6.0,0.09094787160000001,0.1469960073418581,1.0,2529.1284,0.0025291284,0.10653068865647482,0.0,10,20,60,10,3,0.1,5.0,0.12,0.5,0.7,0.55,1.5,0.04684617509000001
3.0,0.024191988100000013,0.07262776974216645,1.0,1324.0119,0.0013240119,0.11499669443934858,6.0,0.09094787160000001,0.1469960073418581,1.0,2529.1284,0.0025291284,0.10653068865647482,0.0,10,20,60,10,5,0.08,4.0,0.12,0.5,0.7,0.55,1.5,0.04684617509000001
3.0,0.024191988100000013,0.07262776974216645,1.0,1324.0119,0.0013240119,0.11499669443934858,6.0,0.09094787160000001,0.1469960073418581,1.0,2529.1284,0.0025291284,0.10653068865647482,0.0,10,20,60,10,5,0.08,5.0,0.12,0.5,0.7,0.55,1.5,0.04684617509000001
3.0,0.024191988100000013,0.07262776974216645,1.0,1324.0119,0.0013240119,0.11499669443934858,6.0,0.09094787160000001,0.1469960073418581,1.0,2529.1284,0.0025291284,0.10653068865647482,0.0,10,20,60,10,5,0.1,4.0,0.12,0.5,0.7,0.55,1.5,0.04684617509000001
3.0,0.024191988100000013,0.07262776974216645,1.0,1324.0119,0.0013240119,0.11499669443934858,6.0,0.09094787160000001,0.1469960073418581,1.0,2529.1284,0.0025291284,0.10653068865647482,0.0,10,20,60,10,5,0.1,5.0,0.12,0.5,0.7,0.55,1.5,0.04684617509000001
3.0,0.024191988100000013,0.07262776974216645,1.0,1324.0119,0.0013240119,0.11499669443934858,6.0,0.0724234177,0.10797961389923512,0.8333333333333334,2452.5823,0.0024525823,0.10590988697960661,0.16666666666666666,10,20,60,10,3,0.08,4.0,0.12,0.45,0.7,0.55,1.0,0.03704076480666668
3.0,0.024191988100000013,0.07262776974216645,1.0,1324.0119,0.0013240119,0.11499669443934858,6.0,0.0724234177,0.10797961389923512,0.8333333333333334,2452.5823,0.0024525823,0.10590988697960661,0.16666666666666666,10,20,60,10,3,0.08,4.0,0.12,0.5,0.7,0.55,1.0,0.03704076480666668
3.0,0.024191988100000013,0.07262776974216645,1.0,1324.0119,0.0013240119,0.11499669443934858,6.0,0.0724234177,0.10797961389923512,0.8333333333333334,2452.5823,0.0024525823,0.10590988697960661,0.16666666666666666,10,20,60,10,5,0.08,4.0,0.12,0.5,0.7,0.55,1.0,0.03704076480666668
3.0,0.02301614080000001,0.07262776974216645,1.0,1112.8591999999999,0.0011128592,0.10158160802740261,6.0,0.07037471438000001,0.10797961389923512,0.8333333333333334,2417.6856199999997,0.00241768562,0.1048887843355819,0.16666666666666666,20,20,60,10,3,0.08,4.0,0.12,0.45,0.7,0.55,1.0,0.03561744057666667
3.0,0.02301614080000001,0.07262776974216645,1.0,1112.8591999999999,0.0011128592,0.10158160802740261,6.0,0.07037471438000001,0.10797961389923512,0.8333333333333334,2417.6856199999997,0.00241768562,0.1048887843355819,0.16666666666666666,20,20,60,10,3,0.08,4.0,0.12,0.5,0.7,0.55,1.0,0.03561744057666667
3.0,0.02301614080000001,0.07262776974216645,1.0,1112.8591999999999,0.0011128592,0.10158160802740261,6.0,0.07037471438000001,0.10797961389923512,0.8333333333333334,2417.6856199999997,0.00241768562,0.1048887843355819,0.16666666666666666,20,20,60,10,5,0.08,4.0,0.12,0.5,0.7,0.55,1.0,0.03561744057666667
4.0,0.019210626718636742,0.024673678536968446,0.75,1218.708739282173,0.001218708739282173,0.08236832986952052,8.0,0.08010421994043936,0.08534843112156537,0.75,2798.1509071188957,0.0027981509071188957,0.08600095926348572,0.25,20,20,60,10,5,0.08,4.0,0.12,0.45,0.7,0.55,1.5,0.03479898452537928
4.0,0.016010615494843904,0.024673678536968446,0.75,1445.2158277031317,0.0014452158277031316,0.09237224549864842,8.0,0.0788450218,0.09319572345511153,0.75,2777.9782,0.0027779782,0.08626748980696472,0.125,10,20,60,10,5,0.08,4.0,0.12,0.45,0.7,0.55,1.5,0.03472465701472276
4.0,0.016010615494843904,0.024673678536968446,0.75,1445.2158277031317,0.0014452158277031316,0.09237224549864842,8.0,0.07824955602000001,0.09319572345511153,0.75,2753.04398,0.0027530439799999997,0.08580294604161164,0.125,10,20,60,10,5,0.08,4.0,0.12,0.45,0.7,0.55,1.0,0.03451998412472276
4.0,0.019210626718636742,0.024673678536968446,0.75,1218.708739282173,0.001218708739282173,0.08251231283969272,8.0,0.07768596624043936,0.08534843112156537,0.75,2724.404607118896,0.002724404607118896,0.08469189852453052,0.25,20,20,60,10,5,0.08,4.0,0.12,0.45,0.7,0.55,1.0,0.03396365767537928
4.0,0.03130531930800001,0.06925453538993318,0.75,1397.320692,0.001397320692,0.08951501881252809,8.0,0.018587983202925425,0.043013680893756456,0.5,2655.281157967992,0.0026552811579679918,0.08606899031315829,0.5,10,20,90,10,5,0.08,4.0,0.12,0.45,0.7,0.55,1.0,0.016106629324528707
4.0,0.032559079300000016,0.0768646675485235,0.75,1405.9207,0.0014059207,0.09002871382811539,8.0,0.010821631529012563,0.026279531286777097,0.375,2713.002575797678,0.002713002575797678,0.0876504000901466,0.5,10,20,90,10,5,0.08,4.0,0.12,0.45,0.7,0.55,1.5,0.01419254201878476
4.0,0.030446584705499248,0.06558333637399358,0.75,1394.9094837298414,0.0013949094837298415,0.08951501881252809,8.0,0.013709844984575004,0.036684632183020774,0.5,2644.912799335645,0.002644912799335645,0.08606899031315829,0.5,10,20,90,10,5,0.08,5.0,0.12,0.45,0.7,0.55,1.0,0.013843261512342954
4.0,0.030862955124000016,0.06925453538993318,0.75,1340.964876,0.001340964876,0.08636214210759288,8.0,0.0124203495883367,0.026279531286777097,0.375,2569.062990431322,0.002569062990431322,0.08414824859030497,0.5,20,20,90,10,5,0.08,4.0,0.12,0.45,0.7,0.55,1.0,0.013687442518953161
4.0,0.03160097450000002,0.0768646675485235,0.75,1367.0254999999997,0.0013670254999999997,0.08746537763628745,8.0,0.011010788340479334,0.026279531286777097,0.375,2632.5820548644533,0.0026325820548644533,0.08554024238114122,0.5,20,20,90,10,5,0.08,4.0,0.12,0.45,0.7,0.55,1.5,0.013657765660938114
4.0,0.030135763260000007,0.06425453538993314,0.75,1394.03674,0.00139403674,0.08951501881252809,8.0,0.01375209911645252,0.03718977172382229,0.5,2644.7230019314748,0.002644723001931475,0.08606899031315829,0.5,10,20,90,10,5,0.1,4.0,0.12,0.45,0.7,0.55,1.0,0.013656263174468662
4.0,0.030135763260000007,0.06425453538993314,0.75,1394.03674,0.00139403674,0.08951501881252809,8.0,0.011965313284091198,0.034708368354146465,0.5,2641.3195190456463,0.0026413195190456464,0.08606899031315829,0.5,10,20,90,10,5,0.1,5.0,0.12,0.45,0.7,0.55,1.0,0.013031398655575075
4.0,0.032559079300000016,0.0768646675485235,0.75,1405.9207,0.0014059207,0.09002871382811539,8.0,0.0058290780154181265,0.019950482576041415,0.375,2702.266119301308,0.002702266119301308,0.0876504000901466,0.5,10,20,90,10,5,0.08,5.0,0.12,0.45,0.7,0.55,1.5,0.012446758757501163
4.0,0.032559079300000016,0.0768646675485235,0.75,1405.9207,0.0014059207,0.09002871382811539,8.0,0.005779023660674511,0.02045562211684293,0.375,2701.8507483452554,0.0027018507483452556,0.0876504000901466,0.5,10,20,90,10,5,0.1,4.0,0.12,0.45,0.7,0.55,1.5,0.012429302038984303
4.0,0.03160097450000002,0.0768646675485235,0.75,1367.0254999999997,0.0013670254999999997,0.08746537763628745,8.0,0.006056722764482945,0.019950482576041415,0.375,2622.000502688776,0.0026220005026887762,0.08554024238114122,0.5,20,20,90,10,5,0.08,5.0,0.12,0.45,0.7,0.55,1.5,0.01192542994216573
4.0,0.03160097450000002,0.0768646675485235,0.75,1367.0254999999997,0.0013670254999999997,0.08746537763628745,8.0,0.0060253840860064085,0.02045562211684293,0.375,2621.604066827936,0.002621604066827936,0.08554024238114122,0.5,20,20,90,10,5,0.1,4.0,0.12,0.45,0.7,0.55,1.5,0.011914520870078068
4.0,0.032559079300000016,0.0768646675485235,0.75,1405.9207,0.0014059207,0.09002871382811539,8.0,0.004031012097422645,0.017974218747167106,0.375,2698.5225223155285,0.0026985225223155286,0.0876504000901466,0.5,10,20,90,10,5,0.1,5.0,0.12,0.45,0.7,0.55,1.5,0.011817997225750608
4.0,0.03005936861523783,0.06558333637399358,0.75,1338.7085159673745,0.0013387085159673746,0.08636214210759288,8.0,0.007479562080146841,0.019950482576041415,0.375,2558.5655567405815,0.0025585655567405816,0.08414824859030497,0.5,20,20,90,10,5,0.08,5.0,0.12,0.45,0.7,0.55,1.0,0.011437974365453052
4.0,0.03160097450000002,0.0768646675485235,0.75,1367.0254999999997,0.0013670254999999997,0.08746537763628745,8.0,0.004275787796091192,0.017974218747167106,0.375,2618.3050070456466,0.0026183050070456466,0.08554024238114122,0.5,20,20,90,10,5,0.1,5.0,0.12,0.45,0.7,0.55,1.5,0.011302657027575084
4.0,0.029768508180000004,0.06425453538993314,0.75,1337.8918199999998,0.0013378918199999999,0.08636214210759288,8.0,0.00750973955572892,0.02045562211684293,0.375,2558.308233810711,0.002558308233810711,0.08414824859030497,0.5,20,20,90,10,5,0.1,4.0,0.12,0.45,0.7,0.55,1.0,0.011259719971433517
4.0,0.029768508180000004,0.06425453538993314,0.75,1337.8918199999998,0.0013378918199999999,0.08636214210759288,8.0,0.005720040798759757,0.017974218747167106,0.375,2554.9301877757644,0.0025549301877757645,0.08414824859030497,0.5,20,20,90,10,5,0.1,5.0,0.12,0.45,0.7,0.55,1.0,0.010633832113399551
3.0,0.0370881897,0.11900604718657755,1.0,1165.8103,0.0011658103,0.10336108979260993,6.0,-0.006406801256883693,-0.016268998652373634,0.3333333333333333,2293.0768289856246,0.0022930768289856247,0.10673623466774546,0.6666666666666666,10,20,90,10,3,0.08,4.0,0.12,0.45,0.7,0.55,1.0,0.007896195432409537
3.0,0.0370881897,0.11900604718657755,1.0,1165.8103,0.0011658103,0.10336108979260993,6.0,-0.006406801256883693,-0.016268998652373634,0.3333333333333333,2293.0768289856246,0.0022930768289856247,0.10673623466774546,0.6666666666666666,10,20,90,10,3,0.08,4.0,0.12,0.5,0.7,0.55,1.0,0.007896195432409537
3.0,0.0370881897,0.11900604718657755,1.0,1165.8103,0.0011658103,0.10336108979260993,6.0,-0.006406801256883693,-0.016268998652373634,0.3333333333333333,2293.0768289856246,0.0022930768289856247,0.10673623466774546,0.6666666666666666,10,20,90,10,5,0.08,4.0,0.12,0.5,0.7,0.55,1.0,0.007896195432409537
3.0,0.03660484650000001,0.11900604718657755,1.0,1133.1535,0.0011331535,0.10156958016682945,6.0,-0.0057808857154408,-0.016268998652373634,0.3333333333333333,2233.571176675195,0.002233571176675195,0.10447767316154767,0.6666666666666666,20,20,90,10,3,0.08,4.0,0.12,0.45,0.7,0.55,1.0,0.007818182839761115
3.0,0.03660484650000001,0.11900604718657755,1.0,1133.1535,0.0011331535,0.10156958016682945,6.0,-0.0057808857154408,-0.016268998652373634,0.3333333333333333,2233.571176675195,0.002233571176675195,0.10447767316154767,0.6666666666666666,20,20,90,10,3,0.08,4.0,0.12,0.5,0.7,0.55,1.0,0.007818182839761115
3.0,0.03660484650000001,0.11900604718657755,1.0,1133.1535,0.0011331535,0.10156958016682945,6.0,-0.0057808857154408,-0.016268998652373634,0.3333333333333333,2233.571176675195,0.002233571176675195,0.10447767316154767,0.6666666666666666,20,20,90,10,5,0.08,4.0,0.12,0.5,0.7,0.55,1.0,0.007818182839761115
3.0,0.0276004113,0.0743816482346326,0.6666666666666666,1160.5887,0.0011605887,0.10459840061379606,6.0,-0.0029780727665830835,-0.0050439636561048036,0.3333333333333333,2290.3928361251756,0.0022903928361251756,0.1058422967626003,0.5,20,20,90,10,3,0.08,4.0,0.12,0.45,0.7,0.55,1.5,0.0062642357762771415
3.0,0.0276004113,0.0743816482346326,0.6666666666666666,1160.5887,0.0011605887,0.10459840061379606,6.0,-0.0029780727665830835,-0.0050439636561048036,0.3333333333333333,2290.3928361251756,0.0022903928361251756,0.1058422967626003,0.5,20,20,90,10,3,0.08,4.0,0.12,0.5,0.7,0.55,1.5,0.0062642357762771415
3.0,0.0276004113,0.0743816482346326,0.6666666666666666,1160.5887,0.0011605887,0.10459840061379606,6.0,-0.0029780727665830835,-0.0050439636561048036,0.3333333333333333,2290.3928361251756,0.0022903928361251756,0.1058422967626003,0.5,20,20,90,10,5,0.08,4.0,0.12,0.5,0.7,0.55,1.5,0.0062642357762771415
3.0,0.0370881897,0.11900604718657755,1.0,1165.8103,0.0011658103,0.10336108979260993,6.0,-0.011638200920435432,-0.024034210878952522,0.3333333333333333,2281.513876276355,0.002281513876276355,0.10673623466774546,0.6666666666666666,10,20,90,10,3,0.1,4.0,0.12,0.45,0.7,0.55,1.0,0.006066939993072815
3.0,0.0370881897,0.11900604718657755,1.0,1165.8103,0.0011658103,0.10336108979260993,6.0,-0.011638200920435432,-0.024034210878952522,0.3333333333333333,2281.513876276355,0.002281513876276355,0.10673623466774546,0.6666666666666666,10,20,90,10,3,0.1,4.0,0.12,0.5,0.7,0.55,1.0,0.006066939993072815
3.0,0.0370881897,0.11900604718657755,1.0,1165.8103,0.0011658103,0.10336108979260993,6.0,-0.011638200920435432,-0.024034210878952522,0.3333333333333333,2281.513876276355,0.002281513876276355,0.10673623466774546,0.6666666666666666,10,20,90,10,5,0.1,4.0,0.12,0.5,0.7,0.55,1.0,0.006066939993072815
3.0,0.0370881897,0.11900604718657755,1.0,1165.8103,0.0011658103,0.10336108979260993,6.0,-0.01189873287096107,-0.024707730266687877,0.3333333333333333,2281.359707215017,0.0022813597072150167,0.10673623466774546,0.6666666666666666,10,20,90,10,3,0.08,5.0,0.12,0.45,0.7,0.55,1.0,0.005975776935748047
3.0,0.0370881897,0.11900604718657755,1.0,1165.8103,0.0011658103,0.10336108979260993,6.0,-0.01189873287096107,-0.024707730266687877,0.3333333333333333,2281.359707215017,0.0022813597072150167,0.10673623466774546,0.6666666666666666,10,20,90,10,3,0.08,5.0,0.12,0.5,0.7,0.55,1.0,0.005975776935748047
3.0,0.0370881897,0.11900604718657755,1.0,1165.8103,0.0011658103,0.10336108979260993,6.0,-0.01189873287096107,-0.024707730266687877,0.3333333333333333,2281.359707215017,0.0022813597072150167,0.10673623466774546,0.6666666666666666,10,20,90,10,5,0.08,5.0,0.12,0.5,0.7,0.55,1.0,0.005975776935748047
3.0,0.03660484650000001,0.11900604718657755,1.0,1133.1535,0.0011331535,0.10156958016682945,6.0,-0.011065057202992536,-0.024034210878952522,0.3333333333333333,2221.8600479659253,0.0022218600479659255,0.10447767316154767,0.6666666666666666,20,20,90,10,3,0.1,4.0,0.12,0.45,0.7,0.55,1.0,0.005970479488424399
3.0,0.03660484650000001,0.11900604718657755,1.0,1133.1535,0.0011331535,0.10156958016682945,6.0,-0.011065057202992536,-0.024034210878952522,0.3333333333333333,2221.8600479659253,0.0022218600479659255,0.10447767316154767,0.6666666666666666,20,20,90,10,3,0.1,4.0,0.12,0.5,0.7,0.55,1.0,0.005970479488424399
3.0,0.03660484650000001,0.11900604718657755,1.0,1133.1535,0.0011331535,0.10156958016682945,6.0,-0.011065057202992536,-0.024034210878952522,0.3333333333333333,2221.8600479659253,0.0022218600479659255,0.10447767316154767,0.6666666666666666,20,20,90,10,5,0.1,4.0,0.12,0.5,0.7,0.55,1.0,0.005970479488424399
3.0,0.03660484650000001,0.11900604718657755,1.0,1133.1535,0.0011331535,0.10156958016682945,6.0,-0.011278207794758268,-0.024707730266687877,0.3333333333333333,2221.8389192220043,0.0022218389192220044,0.10447767316154767,0.6666666666666666,20,20,90,10,3,0.08,5.0,0.12,0.45,0.7,0.55,1.0,0.00589587995061798
3.0,0.03660484650000001,0.11900604718657755,1.0,1133.1535,0.0011331535,0.10156958016682945,6.0,-0.011278207794758268,-0.024707730266687877,0.3333333333333333,2221.8389192220043,0.0022218389192220044,0.10447767316154767,0.6666666666666666,20,20,90,10,3,0.08,5.0,0.12,0.5,0.7,0.55,1.0,0.00589587995061798
3.0,0.03660484650000001,0.11900604718657755,1.0,1133.1535,0.0011331535,0.10156958016682945,6.0,-0.011278207794758268,-0.024707730266687877,0.3333333333333333,2221.8389192220043,0.0022218389192220044,0.10447767316154767,0.6666666666666666,20,20,90,10,5,0.08,5.0,0.12,0.5,0.7,0.55,1.0,0.00589587995061798
3.0,0.0370881897,0.11900604718657755,1.0,1165.8103,0.0011658103,0.10336108979260993,6.0,-0.013713929738560287,-0.027342748705186954,0.3333333333333333,2277.5680088865874,0.0022775680088865874,0.10673623466774546,0.6666666666666666,10,20,90,10,3,0.1,5.0,0.12,0.45,0.7,0.55,1.0,0.005341026786837583
3.0,0.0370881897,0.11900604718657755,1.0,1165.8103,0.0011658103,0.10336108979260993,6.0,-0.013713929738560287,-0.027342748705186954,0.3333333333333333,2277.5680088865874,0.0022775680088865874,0.10673623466774546,0.6666666666666666,10,20,90,10,3,0.1,5.0,0.12,0.5,0.7,0.55,1.0,0.005341026786837583
3.0,0.0370881897,0.11900604718657755,1.0,1165.8103,0.0011658103,0.10336108979260993,6.0,-0.013713929738560287,-0.027342748705186954,0.3333333333333333,2277.5680088865874,0.0022775680088865874,0.10673623466774546,0.6666666666666666,10,20,90,10,5,0.1,5.0,0.12,0.5,0.7,0.55,1.0,0.005341026786837583
3.0,0.03660484650000001,0.11900604718657755,1.0,1133.1535,0.0011331535,0.10156958016682945,6.0,-0.013106252874560293,-0.027342748705186954,0.3333333333333333,2218.0111448865873,0.0022180111448865873,0.10447767316154767,0.6666666666666666,20,20,90,10,3,0.1,5.0,0.12,0.45,0.7,0.55,1.0,0.0052566383388375874
3.0,0.03660484650000001,0.11900604718657755,1.0,1133.1535,0.0011331535,0.10156958016682945,6.0,-0.013106252874560293,-0.027342748705186954,0.3333333333333333,2218.0111448865873,0.0022180111448865873,0.10447767316154767,0.6666666666666666,20,20,90,10,3,0.1,5.0,0.12,0.5,0.7,0.55,1.0,0.0052566383388375874
3.0,0.03660484650000001,0.11900604718657755,1.0,1133.1535,0.0011331535,0.10156958016682945,6.0,-0.013106252874560293,-0.027342748705186954,0.3333333333333333,2218.0111448865873,0.0022180111448865873,0.10447767316154767,0.6666666666666666,20,20,90,10,5,0.1,5.0,0.12,0.5,0.7,0.55,1.0,0.0052566383388375874
3.0,0.0276004113,0.0743816482346326,0.6666666666666666,1160.5887,0.0011605887,0.10459840061379606,6.0,-0.008334614897721693,-0.012967642160960987,0.3333333333333333,2279.0090338380305,0.0022790090338380307,0.1058422967626003,0.5,20,20,90,10,3,0.08,5.0,0.12,0.45,0.7,0.55,1.5,0.004391153600721703
3.0,0.0276004113,0.0743816482346326,0.6666666666666666,1160.5887,0.0011605887,0.10459840061379606,6.0,-0.008334614897721693,-0.012967642160960987,0.3333333333333333,2279.0090338380305,0.0022790090338380307,0.1058422967626003,0.5,20,20,90,10,3,0.08,5.0,0.12,0.5,0.7,0.55,1.5,0.004391153600721703
3.0,0.0276004113,0.0743816482346326,0.6666666666666666,1160.5887,0.0011605887,0.10459840061379606,6.0,-0.008334614897721693,-0.012967642160960987,0.3333333333333333,2279.0090338380305,0.0022790090338380307,0.1058422967626003,0.5,20,20,90,10,5,0.08,5.0,0.12,0.5,0.7,0.55,1.5,0.004391153600721703
3.0,0.0276004113,0.0743816482346326,0.6666666666666666,1160.5887,0.0011605887,0.10459840061379606,6.0,-0.00834583377999997,-0.01280917588268369,0.3333333333333333,2278.4337800000003,0.00227843378,0.1058422967626003,0.5,20,20,90,10,3,0.1,4.0,0.12,0.45,0.7,0.55,1.5,0.004387313280000011
3.0,0.0276004113,0.0743816482346326,0.6666666666666666,1160.5887,0.0011605887,0.10459840061379606,6.0,-0.00834583377999997,-0.01280917588268369,0.3333333333333333,2278.4337800000003,0.00227843378,0.1058422967626003,0.5,20,20,90,10,3,0.1,4.0,0.12,0.5,0.7,0.55,1.5,0.004387313280000011
3.0,0.0276004113,0.0743816482346326,0.6666666666666666,1160.5887,0.0011605887,0.10459840061379606,6.0,-0.00834583377999997,-0.01280917588268369,0.3333333333333333,2278.4337800000003,0.00227843378,0.1058422967626003,0.5,20,20,90,10,5,0.1,4.0,0.12,0.5,0.7,0.55,1.5,0.004387313280000011
3.0,0.0276004113,0.0743816482346326,0.6666666666666666,1160.5887,0.0011605887,0.10459840061379606,6.0,-0.010186215033228842,-0.015602660599460064,0.3333333333333333,2275.11512015647,0.0022751151201564697,0.1058422967626003,0.5,20,20,90,10,3,0.1,5.0,0.12,0.45,0.7,0.55,1.5,0.0037436776403464347
3.0,0.0276004113,0.0743816482346326,0.6666666666666666,1160.5887,0.0011605887,0.10459840061379606,6.0,-0.010186215033228842,-0.015602660599460064,0.3333333333333333,2275.11512015647,0.0022751151201564697,0.1058422967626003,0.5,20,20,90,10,3,0.1,5.0,0.12,0.5,0.7,0.55,1.5,0.0037436776403464347
3.0,0.0276004113,0.0743816482346326,0.6666666666666666,1160.5887,0.0011605887,0.10459840061379606,6.0,-0.010186215033228842,-0.015602660599460064,0.3333333333333333,2275.11512015647,0.0022751151201564697,0.1058422967626003,0.5,20,20,90,10,5,0.1,5.0,0.12,0.5,0.7,0.55,1.5,0.0037436776403464347
3.0,0.0276004113,0.0743816482346326,0.6666666666666666,1160.5887,0.0011605887,0.10469343416642969,6.0,-0.007032057425153398,-0.016268998652373634,0.3333333333333333,2339.4079038174364,0.002339407903817436,0.10824582056319516,0.6666666666666666,10,20,90,10,3,0.08,4.0,0.12,0.45,0.7,0.55,1.5,0.0015046555522903633
3.0,0.0276004113,0.0743816482346326,0.6666666666666666,1160.5887,0.0011605887,0.10469343416642969,6.0,-0.007032057425153398,-0.016268998652373634,0.3333333333333333,2339.4079038174364,0.002339407903817436,0.10824582056319516,0.6666666666666666,10,20,90,10,3,0.08,4.0,0.12,0.5,0.7,0.55,1.5,0.0015046555522903633
3.0,0.0276004113,0.0743816482346326,0.6666666666666666,1160.5887,0.0011605887,0.10469343416642969,6.0,-0.007032057425153398,-0.016268998652373634,0.3333333333333333,2339.4079038174364,0.002339407903817436,0.10824582056319516,0.6666666666666666,10,20,90,10,5,0.08,4.0,0.12,0.5,0.7,0.55,1.5,0.0015046555522903633
3.0,0.0276004113,0.0743816482346326,0.6666666666666666,1160.5887,0.0011605887,0.10469343416642969,6.0,-0.012474612660435428,-0.024034210878952522,0.3333333333333333,2327.2256162763547,0.0023272256162763546,0.10824582056319516,0.6666666666666666,10,20,90,10,3,0.1,4.0,0.12,0.45,0.7,0.55,1.5,-0.00039841143692718496
3.0,0.0276004113,0.0743816482346326,0.6666666666666666,1160.5887,0.0011605887,0.10469343416642969,6.0,-0.012474612660435428,-0.024034210878952522,0.3333333333333333,2327.2256162763547,0.0023272256162763546,0.10824582056319516,0.6666666666666666,10,20,90,10,3,0.1,4.0,0.12,0.5,0.7,0.55,1.5,-0.00039841143692718496
3.0,0.0276004113,0.0743816482346326,0.6666666666666666,1160.5887,0.0011605887,0.10469343416642969,6.0,-0.012474612660435428,-0.024034210878952522,0.3333333333333333,2327.2256162763547,0.0023272256162763546,0.10824582056319516,0.6666666666666666,10,20,90,10,5,0.1,4.0,0.12,0.5,0.7,0.55,1.5,-0.00039841143692718496
3.0,0.0276004113,0.0743816482346326,0.6666666666666666,1160.5887,0.0011605887,0.10469343416642969,6.0,-0.012610404701385585,-0.024707730266687877,0.3333333333333333,2327.354467786225,0.002327354467786225,0.10824582056319516,0.6666666666666666,10,20,90,10,3,0.08,5.0,0.12,0.45,0.7,0.55,1.5,-0.0004459579789862205
3.0,0.0276004113,0.0743816482346326,0.6666666666666666,1160.5887,0.0011605887,0.10469343416642969,6.0,-0.012610404701385585,-0.024707730266687877,0.3333333333333333,2327.354467786225,0.002327354467786225,0.10824582056319516,0.6666666666666666,10,20,90,10,3,0.08,5.0,0.12,0.5,0.7,0.55,1.5,-0.0004459579789862205
3.0,0.0276004113,0.0743816482346326,0.6666666666666666,1160.5887,0.0011605887,0.10469343416642969,6.0,-0.012610404701385585,-0.024707730266687877,0.3333333333333333,2327.354467786225,0.002327354467786225,0.10824582056319516,0.6666666666666666,10,20,90,10,5,0.08,5.0,0.12,0.5,0.7,0.55,1.5,-0.0004459579789862205
3.0,0.0276004113,0.0743816482346326,0.6666666666666666,1160.5887,0.0011605887,0.10469343416642969,6.0,-0.014483418523897399,-0.027342748705186954,0.3333333333333333,2323.400427426352,0.002323400427426352,0.10824582056319516,0.6666666666666666,10,20,90,10,3,0.1,5.0,0.12,0.45,0.7,0.55,1.5,-0.0011009197108113756
3.0,0.0276004113,0.0743816482346326,0.6666666666666666,1160.5887,0.0011605887,0.10469343416642969,6.0,-0.014483418523897399,-0.027342748705186954,0.3333333333333333,2323.400427426352,0.002323400427426352,0.10824582056319516,0.6666666666666666,10,20,90,10,3,0.1,5.0,0.12,0.5,0.7,0.55,1.5,-0.0011009197108113756
3.0,0.0276004113,0.0743816482346326,0.6666666666666666,1160.5887,0.0011605887,0.10469343416642969,6.0,-0.014483418523897399,-0.027342748705186954,0.3333333333333333,2323.400427426352,0.002323400427426352,0.10824582056319516,0.6666666666666666,10,20,90,10,5,0.1,5.0,0.12,0.5,0.7,0.55,1.5,-0.0011009197108113756
